usage: conda [-h] [--no-plugins] [-V] COMMAND ...
conda: error: argument COMMAND: invalid choice: 'deactivate' (choose from 'clean', 'compare', 'config', 'create', 'info', 'init', 'install', 'list', 'notices', 'package', 'remove', 'uninstall', 'rename', 'run', 'search', 'update', 'upgrade', 'build', 'content-trust', 'convert', 'debug', 'develop', 'doctor', 'index', 'inspect', 'metapackage', 'render', 'skeleton', 'pack', 'server', 'env', 'repo', 'token', 'verify')
usage: conda [-h] [--no-plugins] [-V] COMMAND ...
conda: error: argument COMMAND: invalid choice: 'deactivate' (choose from 'clean', 'compare', 'config', 'create', 'info', 'init', 'install', 'list', 'notices', 'package', 'remove', 'uninstall', 'rename', 'run', 'search', 'update', 'upgrade', 'build', 'content-trust', 'convert', 'debug', 'develop', 'doctor', 'index', 'inspect', 'metapackage', 'render', 'skeleton', 'pack', 'server', 'verify', 'token', 'env', 'repo')
rm: cannot remove '/scratch/alpine/battobrah@xsede.org/Rice_NMT_Snow/upper_colorado/experiments/simulations/MSWX_3h_Snow_Project3_pp_upper_colorado_1yr_100hru_100bh_bug_checking/postprocess': Is a directory
ln: failed to create symbolic link '/scratch/alpine/battobrah@xsede.org/Rice_NMT_Snow/upper_colorado/experiments/simulations/MSWX_3h_Snow_Project3_pp_upper_colorado_1yr_100hru_100bh_bug_checking/postprocess/hand/11.tif': No such file or directory
ln: failed to create symbolic link '/scratch/alpine/battobrah@xsede.org/Rice_NMT_Snow/upper_colorado/experiments/simulations/MSWX_3h_Snow_Project3_pp_upper_colorado_1yr_100hru_100bh_bug_checking/postprocess/basins/11.tif': No such file or directory
ln: failed to create symbolic link '/scratch/alpine/battobrah@xsede.org/Rice_NMT_Snow/upper_colorado/experiments/simulations/MSWX_3h_Snow_Project3_pp_upper_colorado_1yr_100hru_100bh_bug_checking/postprocess/hand/12.tif': No such file or directory
ln: failed to create symbolic link '/scratch/alpine/battobrah@xsede.org/Rice_NMT_Snow/upper_colorado/experiments/simulations/MSWX_3h_Snow_Project3_pp_upper_colorado_1yr_100hru_100bh_bug_checking/postprocess/basins/12.tif': No such file or directory
ln: failed to create symbolic link '/scratch/alpine/battobrah@xsede.org/Rice_NMT_Snow/upper_colorado/experiments/simulations/MSWX_3h_Snow_Project3_pp_upper_colorado_1yr_100hru_100bh_bug_checking/postprocess/hand/15.tif': No such file or directory
ln: failed to create symbolic link '/scratch/alpine/battobrah@xsede.org/Rice_NMT_Snow/upper_colorado/experiments/simulations/MSWX_3h_Snow_Project3_pp_upper_colorado_1yr_100hru_100bh_bug_checking/postprocess/hand/17.tif': No such file or directory
ln: failed to create symbolic link '/scratch/alpine/battobrah@xsede.org/Rice_NMT_Snow/upper_colorado/experiments/simulations/MSWX_3h_Snow_Project3_pp_upper_colorado_1yr_100hru_100bh_bug_checking/postprocess/hand/19.tif': No such file or directory
ln: failed to create symbolic link '/scratch/alpine/battobrah@xsede.org/Rice_NMT_Snow/upper_colorado/experiments/simulations/MSWX_3h_Snow_Project3_pp_upper_colorado_1yr_100hru_100bh_bug_checking/postprocess/hand/16.tif': No such file or directory
ln: ln: failed to create symbolic link '/scratch/alpine/battobrah@xsede.org/Rice_NMT_Snow/upper_colorado/experiments/simulations/MSWX_3h_Snow_Project3_pp_upper_colorado_1yr_100hru_100bh_bug_checking/postprocess/hand/13.tif': No such file or directory
failed to create symbolic link '/scratch/alpine/battobrah@xsede.org/Rice_NMT_Snow/upper_colorado/experiments/simulations/MSWX_3h_Snow_Project3_pp_upper_colorado_1yr_100hru_100bh_bug_checking/postprocess/basins/15.tif': No such file or directory
ln: failed to create symbolic link '/scratch/alpine/battobrah@xsede.org/Rice_NMT_Snow/upper_colorado/experiments/simulations/MSWX_3h_Snow_Project3_pp_upper_colorado_1yr_100hru_100bh_bug_checking/postprocess/basins/17.tif': No such file or directory
ln: failed to create symbolic link '/scratch/alpine/battobrah@xsede.org/Rice_NMT_Snow/upper_colorado/experiments/simulations/MSWX_3h_Snow_Project3_pp_upper_colorado_1yr_100hru_100bh_bug_checking/postprocess/hand/18.tif': No such file or directory
ln: failed to create symbolic link '/scratch/alpine/battobrah@xsede.org/Rice_NMT_Snow/upper_colorado/experiments/simulations/MSWX_3h_Snow_Project3_pp_upper_colorado_1yr_100hru_100bh_bug_checking/postprocess/basins/19.tif': No such file or directory
ln: failed to create symbolic link '/scratch/alpine/battobrah@xsede.org/Rice_NMT_Snow/upper_colorado/experiments/simulations/MSWX_3h_Snow_Project3_pp_upper_colorado_1yr_100hru_100bh_bug_checking/postprocess/hand/14.tif': No such file or directory
ln: failed to create symbolic link '/scratch/alpine/battobrah@xsede.org/Rice_NMT_Snow/upper_colorado/experiments/simulations/MSWX_3h_Snow_Project3_pp_upper_colorado_1yr_100hru_100bh_bug_checking/postprocess/basins/16.tif': No such file or directory
ln: failed to create symbolic link '/scratch/alpine/battobrah@xsede.org/Rice_NMT_Snow/upper_colorado/experiments/simulations/MSWX_3h_Snow_Project3_pp_upper_colorado_1yr_100hru_100bh_bug_checking/postprocess/hand/20.tif': No such file or directory
ln: failed to create symbolic link '/scratch/alpine/battobrah@xsede.org/Rice_NMT_Snow/upper_colorado/experiments/simulations/MSWX_3h_Snow_Project3_pp_upper_colorado_1yr_100hru_100bh_bug_checking/postprocess/basins/13.tif': No such file or directory
ln: failed to create symbolic link '/scratch/alpine/battobrah@xsede.org/Rice_NMT_Snow/upper_colorado/experiments/simulations/MSWX_3h_Snow_Project3_pp_upper_colorado_1yr_100hru_100bh_bug_checking/postprocess/basins/18.tif': No such file or directory
ln: failed to create symbolic link '/scratch/alpine/battobrah@xsede.org/Rice_NMT_Snow/upper_colorado/experiments/simulations/MSWX_3h_Snow_Project3_pp_upper_colorado_1yr_100hru_100bh_bug_checking/postprocess/basins/20.tif': No such file or directoryln: failed to create symbolic link '/scratch/alpine/battobrah@xsede.org/Rice_NMT_Snow/upper_colorado/experiments/simulations/MSWX_3h_Snow_Project3_pp_upper_colorado_1yr_100hru_100bh_bug_checking/postprocess/basins/14.tif': No such file or directory

ln: failed to create symbolic link '/scratch/alpine/battobrah@xsede.org/Rice_NMT_Snow/upper_colorado/experiments/simulations/MSWX_3h_Snow_Project3_pp_upper_colorado_1yr_100hru_100bh_bug_checking/postprocess/hand/2.tif': No such file or directory
ln: failed to create symbolic link '/scratch/alpine/battobrah@xsede.org/Rice_NMT_Snow/upper_colorado/experiments/simulations/MSWX_3h_Snow_Project3_pp_upper_colorado_1yr_100hru_100bh_bug_checking/postprocess/hand/1.tif': No such file or directory
ln: failed to create symbolic link '/scratch/alpine/battobrah@xsede.org/Rice_NMT_Snow/upper_colorado/experiments/simulations/MSWX_3h_Snow_Project3_pp_upper_colorado_1yr_100hru_100bh_bug_checking/postprocess/basins/2.tif': No such file or directory
ln: failed to create symbolic link '/scratch/alpine/battobrah@xsede.org/Rice_NMT_Snow/upper_colorado/experiments/simulations/MSWX_3h_Snow_Project3_pp_upper_colorado_1yr_100hru_100bh_bug_checking/postprocess/basins/1.tif': No such file or directory
rm: cannot remove '/scratch/alpine/battobrah@xsede.org/Rice_NMT_Snow/upper_colorado/experiments/simulations/MSWX_3h_Snow_Project3_pp_upper_colorado_1yr_100hru_100bh_bug_checking/postprocess/basin_clusters': Directory not empty
rm: cannot remove '/scratch/alpine/battobrah@xsede.org/Rice_NMT_Snow/upper_colorado/experiments/simulations/MSWX_3h_Snow_Project3_pp_upper_colorado_1yr_100hru_100bh_bug_checking/postprocess/basin_clusters': Directory not empty
rm: cannot remove '/scratch/alpine/battobrah@xsede.org/Rice_NMT_Snow/upper_colorado/experiments/simulations/MSWX_3h_Snow_Project3_pp_upper_colorado_1yr_100hru_100bh_bug_checking/postprocess/basin_clusters': Directory not empty
rm: cannot remove '/scratch/alpine/battobrah@xsede.org/Rice_NMT_Snow/upper_colorado/experiments/simulations/MSWX_3h_Snow_Project3_pp_upper_colorado_1yr_100hru_100bh_bug_checking/postprocess/basin_clusters': Directory not empty
rm: cannot remove '/scratch/alpine/battobrah@xsede.org/Rice_NMT_Snow/upper_colorado/experiments/simulations/MSWX_3h_Snow_Project3_pp_upper_colorado_1yr_100hru_100bh_bug_checking/postprocess/basin_clusters': Directory not empty
rm: cannot remove '/scratch/alpine/battobrah@xsede.org/Rice_NMT_Snow/upper_colorado/experiments/simulations/MSWX_3h_Snow_Project3_pp_upper_colorado_1yr_100hru_100bh_bug_checking/postprocess/basin_clusters': Directory not empty
rm: cannot remove '/scratch/alpine/battobrah@xsede.org/Rice_NMT_Snow/upper_colorado/experiments/simulations/MSWX_3h_Snow_Project3_pp_upper_colorado_1yr_100hru_100bh_bug_checking/postprocess/basin_clusters': Directory not empty
rm: cannot remove '/scratch/alpine/battobrah@xsede.org/Rice_NMT_Snow/upper_colorado/experiments/simulations/MSWX_3h_Snow_Project3_pp_upper_colorado_1yr_100hru_100bh_bug_checking/postprocess/basin_clusters': Directory not empty
ln: failed to create symbolic link '/scratch/alpine/battobrah@xsede.org/Rice_NMT_Snow/upper_colorado/experiments/simulations/MSWX_3h_Snow_Project3_pp_upper_colorado_1yr_100hru_100bh_bug_checking/postprocess/hand/172.tif': No such file or directory
ln: failed to create symbolic link '/scratch/alpine/battobrah@xsede.org/Rice_NMT_Snow/upper_colorado/experiments/simulations/MSWX_3h_Snow_Project3_pp_upper_colorado_1yr_100hru_100bh_bug_checking/postprocess/basins/172.tif': No such file or directory
ln: failed to create symbolic link '/scratch/alpine/battobrah@xsede.org/Rice_NMT_Snow/upper_colorado/experiments/simulations/MSWX_3h_Snow_Project3_pp_upper_colorado_1yr_100hru_100bh_bug_checking/postprocess/hand/171.tif': No such file or directory
ln: failed to create symbolic link '/scratch/alpine/battobrah@xsede.org/Rice_NMT_Snow/upper_colorado/experiments/simulations/MSWX_3h_Snow_Project3_pp_upper_colorado_1yr_100hru_100bh_bug_checking/postprocess/basins/171.tif': No such file or directory
ln: failed to create symbolic link '/scratch/alpine/battobrah@xsede.org/Rice_NMT_Snow/upper_colorado/experiments/simulations/MSWX_3h_Snow_Project3_pp_upper_colorado_1yr_100hru_100bh_bug_checking/postprocess/hand/4.tif': No such file or directory
ln: failed to create symbolic link '/scratch/alpine/battobrah@xsede.org/Rice_NMT_Snow/upper_colorado/experiments/simulations/MSWX_3h_Snow_Project3_pp_upper_colorado_1yr_100hru_100bh_bug_checking/postprocess/hand/6.tif': No such file or directory
ln: failed to create symbolic link '/scratch/alpine/battobrah@xsede.org/Rice_NMT_Snow/upper_colorado/experiments/simulations/MSWX_3h_Snow_Project3_pp_upper_colorado_1yr_100hru_100bh_bug_checking/postprocess/hand/3.tif': No such file or directory
ln: failed to create symbolic link '/scratch/alpine/battobrah@xsede.org/Rice_NMT_Snow/upper_colorado/experiments/simulations/MSWX_3h_Snow_Project3_pp_upper_colorado_1yr_100hru_100bh_bug_checking/postprocess/hand/8.tif': No such file or directory
ln: failed to create symbolic link '/scratch/alpine/battobrah@xsede.org/Rice_NMT_Snow/upper_colorado/experiments/simulations/MSWX_3h_Snow_Project3_pp_upper_colorado_1yr_100hru_100bh_bug_checking/postprocess/basins/4.tif': No such file or directory
ln: failed to create symbolic link '/scratch/alpine/battobrah@xsede.org/Rice_NMT_Snow/upper_colorado/experiments/simulations/MSWX_3h_Snow_Project3_pp_upper_colorado_1yr_100hru_100bh_bug_checking/postprocess/basins/3.tif': No such file or directory
ln: failed to create symbolic link '/scratch/alpine/battobrah@xsede.org/Rice_NMT_Snow/upper_colorado/experiments/simulations/MSWX_3h_Snow_Project3_pp_upper_colorado_1yr_100hru_100bh_bug_checking/postprocess/basins/8.tif': No such file or directory
ln: failed to create symbolic link '/scratch/alpine/battobrah@xsede.org/Rice_NMT_Snow/upper_colorado/experiments/simulations/MSWX_3h_Snow_Project3_pp_upper_colorado_1yr_100hru_100bh_bug_checking/postprocess/basins/6.tif': No such file or directory
ln: failed to create symbolic link '/scratch/alpine/battobrah@xsede.org/Rice_NMT_Snow/upper_colorado/experiments/simulations/MSWX_3h_Snow_Project3_pp_upper_colorado_1yr_100hru_100bh_bug_checking/postprocess/hand/162.tif': No such file or directory
ln: failed to create symbolic link '/scratch/alpine/battobrah@xsede.org/Rice_NMT_Snow/upper_colorado/experiments/simulations/MSWX_3h_Snow_Project3_pp_upper_colorado_1yr_100hru_100bh_bug_checking/postprocess/basins/162.tif': No such file or directory
ln: failed to create symbolic link '/scratch/alpine/battobrah@xsede.org/Rice_NMT_Snow/upper_colorado/experiments/simulations/MSWX_3h_Snow_Project3_pp_upper_colorado_1yr_100hru_100bh_bug_checking/postprocess/hand/177.tif': No such file or directory
ln: failed to create symbolic link '/scratch/alpine/battobrah@xsede.org/Rice_NMT_Snow/upper_colorado/experiments/simulations/MSWX_3h_Snow_Project3_pp_upper_colorado_1yr_100hru_100bh_bug_checking/postprocess/basins/177.tif': No such file or directory
ln: failed to create symbolic link '/scratch/alpine/battobrah@xsede.org/Rice_NMT_Snow/upper_colorado/experiments/simulations/MSWX_3h_Snow_Project3_pp_upper_colorado_1yr_100hru_100bh_bug_checking/postprocess/hand/9.tif': No such file or directory
ln: failed to create symbolic link '/scratch/alpine/battobrah@xsede.org/Rice_NMT_Snow/upper_colorado/experiments/simulations/MSWX_3h_Snow_Project3_pp_upper_colorado_1yr_100hru_100bh_bug_checking/postprocess/basins/9.tif': No such file or directory
ln: failed to create symbolic link '/scratch/alpine/battobrah@xsede.org/Rice_NMT_Snow/upper_colorado/experiments/simulations/MSWX_3h_Snow_Project3_pp_upper_colorado_1yr_100hru_100bh_bug_checking/postprocess/hand/161.tif': No such file or directory
ln: failed to create symbolic link '/scratch/alpine/battobrah@xsede.org/Rice_NMT_Snow/upper_colorado/experiments/simulations/MSWX_3h_Snow_Project3_pp_upper_colorado_1yr_100hru_100bh_bug_checking/postprocess/basins/161.tif': No such file or directory
rm: cannot remove '/scratch/alpine/battobrah@xsede.org/Rice_NMT_Snow/upper_colorado/experiments/simulations/MSWX_3h_Snow_Project3_pp_upper_colorado_1yr_100hru_100bh_bug_checking/postprocess/dem': Directory not empty
ln: failed to create symbolic link '/scratch/alpine/battobrah@xsede.org/Rice_NMT_Snow/upper_colorado/experiments/simulations/MSWX_3h_Snow_Project3_pp_upper_colorado_1yr_100hru_100bh_bug_checking/postprocess/hand/175.tif': No such file or directory
ln: failed to create symbolic link '/scratch/alpine/battobrah@xsede.org/Rice_NMT_Snow/upper_colorado/experiments/simulations/MSWX_3h_Snow_Project3_pp_upper_colorado_1yr_100hru_100bh_bug_checking/postprocess/hand/180.tif': No such file or directory
ln: failed to create symbolic link '/scratch/alpine/battobrah@xsede.org/Rice_NMT_Snow/upper_colorado/experiments/simulations/MSWX_3h_Snow_Project3_pp_upper_colorado_1yr_100hru_100bh_bug_checking/postprocess/hand/10.tif': No such file or directory
rm: cannot remove '/scratch/alpine/battobrah@xsede.org/Rice_NMT_Snow/upper_colorado/experiments/simulations/MSWX_3h_Snow_Project3_pp_upper_colorado_1yr_100hru_100bh_bug_checking/postprocess/dem': Directory not empty
ln: failed to create symbolic link '/scratch/alpine/battobrah@xsede.org/Rice_NMT_Snow/upper_colorado/experiments/simulations/MSWX_3h_Snow_Project3_pp_upper_colorado_1yr_100hru_100bh_bug_checking/postprocess/basins/175.tif': No such file or directory
rm: cannot remove '/scratch/alpine/battobrah@xsede.org/Rice_NMT_Snow/upper_colorado/experiments/simulations/MSWX_3h_Snow_Project3_pp_upper_colorado_1yr_100hru_100bh_bug_checking/postprocess/basin_clusters': Directory not empty
ln: ln: failed to create symbolic link '/scratch/alpine/battobrah@xsede.org/Rice_NMT_Snow/upper_colorado/experiments/simulations/MSWX_3h_Snow_Project3_pp_upper_colorado_1yr_100hru_100bh_bug_checking/postprocess/hand/332.tif': No such file or directory
failed to create symbolic link '/scratch/alpine/battobrah@xsede.org/Rice_NMT_Snow/upper_colorado/experiments/simulations/MSWX_3h_Snow_Project3_pp_upper_colorado_1yr_100hru_100bh_bug_checking/postprocess/hand/331.tif': No such file or directory
ln: failed to create symbolic link '/scratch/alpine/battobrah@xsede.org/Rice_NMT_Snow/upper_colorado/experiments/simulations/MSWX_3h_Snow_Project3_pp_upper_colorado_1yr_100hru_100bh_bug_checking/postprocess/basins/10.tif': No such file or directory
rm: cannot remove '/scratch/alpine/battobrah@xsede.org/Rice_NMT_Snow/upper_colorado/experiments/simulations/MSWX_3h_Snow_Project3_pp_upper_colorado_1yr_100hru_100bh_bug_checking/postprocess/basin_clusters': Directory not empty
ln: failed to create symbolic link '/scratch/alpine/battobrah@xsede.org/Rice_NMT_Snow/upper_colorado/experiments/simulations/MSWX_3h_Snow_Project3_pp_upper_colorado_1yr_100hru_100bh_bug_checking/postprocess/hand/174.tif': No such file or directory
ln: failed to create symbolic link '/scratch/alpine/battobrah@xsede.org/Rice_NMT_Snow/upper_colorado/experiments/simulations/MSWX_3h_Snow_Project3_pp_upper_colorado_1yr_100hru_100bh_bug_checking/postprocess/hand/178.tif': No such file or directory
ln: failed to create symbolic link '/scratch/alpine/battobrah@xsede.org/Rice_NMT_Snow/upper_colorado/experiments/simulations/MSWX_3h_Snow_Project3_pp_upper_colorado_1yr_100hru_100bh_bug_checking/postprocess/basins/180.tif': No such file or directory
ln: failed to create symbolic link '/scratch/alpine/battobrah@xsede.org/Rice_NMT_Snow/upper_colorado/experiments/simulations/MSWX_3h_Snow_Project3_pp_upper_colorado_1yr_100hru_100bh_bug_checking/postprocess/basins/174.tif': No such file or directory
ln: failed to create symbolic link '/scratch/alpine/battobrah@xsede.org/Rice_NMT_Snow/upper_colorado/experiments/simulations/MSWX_3h_Snow_Project3_pp_upper_colorado_1yr_100hru_100bh_bug_checking/postprocess/basins/178.tif': No such file or directory
rm: cannot remove '/scratch/alpine/battobrah@xsede.org/Rice_NMT_Snow/upper_colorado/experiments/simulations/MSWX_3h_Snow_Project3_pp_upper_colorado_1yr_100hru_100bh_bug_checking/postprocess/basin_clusters': Directory not empty
rm: cannot remove '/scratch/alpine/battobrah@xsede.org/Rice_NMT_Snow/upper_colorado/experiments/simulations/MSWX_3h_Snow_Project3_pp_upper_colorado_1yr_100hru_100bh_bug_checking/postprocess/basin_clusters': Directory not empty
ln: ln: failed to create symbolic link '/scratch/alpine/battobrah@xsede.org/Rice_NMT_Snow/upper_colorado/experiments/simulations/MSWX_3h_Snow_Project3_pp_upper_colorado_1yr_100hru_100bh_bug_checking/postprocess/basins/332.tif': No such file or directory
failed to create symbolic link '/scratch/alpine/battobrah@xsede.org/Rice_NMT_Snow/upper_colorado/experiments/simulations/MSWX_3h_Snow_Project3_pp_upper_colorado_1yr_100hru_100bh_bug_checking/postprocess/basins/331.tif': No such file or directory
rm: cannot remove '/scratch/alpine/battobrah@xsede.org/Rice_NMT_Snow/upper_colorado/experiments/simulations/MSWX_3h_Snow_Project3_pp_upper_colorado_1yr_100hru_100bh_bug_checking/postprocess/basin_clusters': Directory not empty
rm: cannot remove '/scratch/alpine/battobrah@xsede.org/Rice_NMT_Snow/upper_colorado/experiments/simulations/MSWX_3h_Snow_Project3_pp_upper_colorado_1yr_100hru_100bh_bug_checking/postprocess/basin_clusters': Directory not empty
rm: cannot remove '/scratch/alpine/battobrah@xsede.org/Rice_NMT_Snow/upper_colorado/experiments/simulations/MSWX_3h_Snow_Project3_pp_upper_colorado_1yr_100hru_100bh_bug_checking/postprocess/basin_clusters': Directory not empty
rm: cannot remove '/scratch/alpine/battobrah@xsede.org/Rice_NMT_Snow/upper_colorado/experiments/simulations/MSWX_3h_Snow_Project3_pp_upper_colorado_1yr_100hru_100bh_bug_checking/postprocess/basin_clusters': Directory not empty
ln: failed to create symbolic link '/scratch/alpine/battobrah@xsede.org/Rice_NMT_Snow/upper_colorado/experiments/simulations/MSWX_3h_Snow_Project3_pp_upper_colorado_1yr_100hru_100bh_bug_checking/postprocess/basin_clusters/180.tif': No such file or directory
ln: failed to create symbolic link '/scratch/alpine/battobrah@xsede.org/Rice_NMT_Snow/upper_colorado/experiments/simulations/MSWX_3h_Snow_Project3_pp_upper_colorado_1yr_100hru_100bh_bug_checking/postprocess/basin_clusters/174.tif': No such file or directory
ln: failed to create symbolic link '/scratch/alpine/battobrah@xsede.org/Rice_NMT_Snow/upper_colorado/experiments/simulations/MSWX_3h_Snow_Project3_pp_upper_colorado_1yr_100hru_100bh_bug_checking/postprocess/basin_clusters/178.tif': No such file or directory
ln: ln: failed to create symbolic link '/scratch/alpine/battobrah@xsede.org/Rice_NMT_Snow/upper_colorado/experiments/simulations/MSWX_3h_Snow_Project3_pp_upper_colorado_1yr_100hru_100bh_bug_checking/postprocess/basin_clusters/332.tif': No such file or directory
failed to create symbolic link '/scratch/alpine/battobrah@xsede.org/Rice_NMT_Snow/upper_colorado/experiments/simulations/MSWX_3h_Snow_Project3_pp_upper_colorado_1yr_100hru_100bh_bug_checking/postprocess/basin_clusters/331.tif': No such file or directory
ln: failed to create symbolic link '/scratch/alpine/battobrah@xsede.org/Rice_NMT_Snow/upper_colorado/experiments/simulations/MSWX_3h_Snow_Project3_pp_upper_colorado_1yr_100hru_100bh_bug_checking/postprocess/basin_clusters/10.tif': No such file or directory
rm: cannot remove '/scratch/alpine/battobrah@xsede.org/Rice_NMT_Snow/upper_colorado/experiments/simulations/MSWX_3h_Snow_Project3_pp_upper_colorado_1yr_100hru_100bh_bug_checking/postprocess/dem': Directory not empty
ln: failed to create symbolic link '/scratch/alpine/battobrah@xsede.org/Rice_NMT_Snow/upper_colorado/experiments/simulations/MSWX_3h_Snow_Project3_pp_upper_colorado_1yr_100hru_100bh_bug_checking/postprocess/hand/173.tif': No such file or directory
ln: failed to create symbolic link '/scratch/alpine/battobrah@xsede.org/Rice_NMT_Snow/upper_colorado/experiments/simulations/MSWX_3h_Snow_Project3_pp_upper_colorado_1yr_100hru_100bh_bug_checking/postprocess/basins/173.tif': No such file or directory
ln: failed to create symbolic link '/scratch/alpine/battobrah@xsede.org/Rice_NMT_Snow/upper_colorado/experiments/simulations/MSWX_3h_Snow_Project3_pp_upper_colorado_1yr_100hru_100bh_bug_checking/postprocess/basin_clusters/173.tif': No such file or directory
rm: cannot remove '/scratch/alpine/battobrah@xsede.org/Rice_NMT_Snow/upper_colorado/experiments/simulations/MSWX_3h_Snow_Project3_pp_upper_colorado_1yr_100hru_100bh_bug_checking/postprocess/dem': Directory not empty
rm: cannot remove '/scratch/alpine/battobrah@xsede.org/Rice_NMT_Snow/upper_colorado/experiments/simulations/MSWX_3h_Snow_Project3_pp_upper_colorado_1yr_100hru_100bh_bug_checking/postprocess/dem': Directory not empty
ln: failed to create symbolic link '/scratch/alpine/battobrah@xsede.org/Rice_NMT_Snow/upper_colorado/experiments/simulations/MSWX_3h_Snow_Project3_pp_upper_colorado_1yr_100hru_100bh_bug_checking/postprocess/hand/338.tif': No such file or directory
ln: failed to create symbolic link '/scratch/alpine/battobrah@xsede.org/Rice_NMT_Snow/upper_colorado/experiments/simulations/MSWX_3h_Snow_Project3_pp_upper_colorado_1yr_100hru_100bh_bug_checking/postprocess/hand/179.tif': No such file or directory
rm: cannot remove '/scratch/alpine/battobrah@xsede.org/Rice_NMT_Snow/upper_colorado/experiments/simulations/MSWX_3h_Snow_Project3_pp_upper_colorado_1yr_100hru_100bh_bug_checking/postprocess/dem': Directory not empty
rm: cannot remove '/scratch/alpine/battobrah@xsede.org/Rice_NMT_Snow/upper_colorado/experiments/simulations/MSWX_3h_Snow_Project3_pp_upper_colorado_1yr_100hru_100bh_bug_checking/postprocess/dem': Directory not empty
ln: failed to create symbolic link '/scratch/alpine/battobrah@xsede.org/Rice_NMT_Snow/upper_colorado/experiments/simulations/MSWX_3h_Snow_Project3_pp_upper_colorado_1yr_100hru_100bh_bug_checking/postprocess/basins/338.tif': No such file or directoryln: failed to create symbolic link '/scratch/alpine/battobrah@xsede.org/Rice_NMT_Snow/upper_colorado/experiments/simulations/MSWX_3h_Snow_Project3_pp_upper_colorado_1yr_100hru_100bh_bug_checking/postprocess/basins/179.tif': No such file or directory
ln: failed to create symbolic link '/scratch/alpine/battobrah@xsede.org/Rice_NMT_Snow/upper_colorado/experiments/simulations/MSWX_3h_Snow_Project3_pp_upper_colorado_1yr_100hru_100bh_bug_checking/postprocess/hand/334.tif': No such file or directory

ln: failed to create symbolic link '/scratch/alpine/battobrah@xsede.org/Rice_NMT_Snow/upper_colorado/experiments/simulations/MSWX_3h_Snow_Project3_pp_upper_colorado_1yr_100hru_100bh_bug_checking/postprocess/hand/163.tif': No such file or directory
ln: failed to create symbolic link '/scratch/alpine/battobrah@xsede.org/Rice_NMT_Snow/upper_colorado/experiments/simulations/MSWX_3h_Snow_Project3_pp_upper_colorado_1yr_100hru_100bh_bug_checking/postprocess/basins/334.tif': No such file or directory
ln: failed to create symbolic link '/scratch/alpine/battobrah@xsede.org/Rice_NMT_Snow/upper_colorado/experiments/simulations/MSWX_3h_Snow_Project3_pp_upper_colorado_1yr_100hru_100bh_bug_checking/postprocess/basin_clusters/338.tif': No such file or directory
ln: failed to create symbolic link '/scratch/alpine/battobrah@xsede.org/Rice_NMT_Snow/upper_colorado/experiments/simulations/MSWX_3h_Snow_Project3_pp_upper_colorado_1yr_100hru_100bh_bug_checking/postprocess/basin_clusters/179.tif': No such file or directory
ln: failed to create symbolic link '/scratch/alpine/battobrah@xsede.org/Rice_NMT_Snow/upper_colorado/experiments/simulations/MSWX_3h_Snow_Project3_pp_upper_colorado_1yr_100hru_100bh_bug_checking/postprocess/basins/163.tif': No such file or directory
ln: failed to create symbolic link '/scratch/alpine/battobrah@xsede.org/Rice_NMT_Snow/upper_colorado/experiments/simulations/MSWX_3h_Snow_Project3_pp_upper_colorado_1yr_100hru_100bh_bug_checking/postprocess/basin_clusters/334.tif': No such file or directory
ln: failed to create symbolic link '/scratch/alpine/battobrah@xsede.org/Rice_NMT_Snow/upper_colorado/experiments/simulations/MSWX_3h_Snow_Project3_pp_upper_colorado_1yr_100hru_100bh_bug_checking/postprocess/basin_clusters/163.tif': No such file or directory
ln: failed to create symbolic link '/scratch/alpine/battobrah@xsede.org/Rice_NMT_Snow/upper_colorado/experiments/simulations/MSWX_3h_Snow_Project3_pp_upper_colorado_1yr_100hru_100bh_bug_checking/postprocess/hand/5.tif': No such file or directory
ln: failed to create symbolic link '/scratch/alpine/battobrah@xsede.org/Rice_NMT_Snow/upper_colorado/experiments/simulations/MSWX_3h_Snow_Project3_pp_upper_colorado_1yr_100hru_100bh_bug_checking/postprocess/basins/5.tif': No such file or directory
ln: failed to create symbolic link '/scratch/alpine/battobrah@xsede.org/Rice_NMT_Snow/upper_colorado/experiments/simulations/MSWX_3h_Snow_Project3_pp_upper_colorado_1yr_100hru_100bh_bug_checking/postprocess/basin_clusters/5.tif': No such file or directory
ln: failed to create symbolic link '/scratch/alpine/battobrah@xsede.org/Rice_NMT_Snow/upper_colorado/experiments/simulations/MSWX_3h_Snow_Project3_pp_upper_colorado_1yr_100hru_100bh_bug_checking/postprocess/hand/322.tif': No such file or directory
ln: failed to create symbolic link '/scratch/alpine/battobrah@xsede.org/Rice_NMT_Snow/upper_colorado/experiments/simulations/MSWX_3h_Snow_Project3_pp_upper_colorado_1yr_100hru_100bh_bug_checking/postprocess/basins/322.tif': No such file or directory
ln: failed to create symbolic link '/scratch/alpine/battobrah@xsede.org/Rice_NMT_Snow/upper_colorado/experiments/simulations/MSWX_3h_Snow_Project3_pp_upper_colorado_1yr_100hru_100bh_bug_checking/postprocess/basin_clusters/322.tif': No such file or directory
ln: failed to create symbolic link '/scratch/alpine/battobrah@xsede.org/Rice_NMT_Snow/upper_colorado/experiments/simulations/MSWX_3h_Snow_Project3_pp_upper_colorado_1yr_100hru_100bh_bug_checking/postprocess/hand/340.tif': No such file or directory
ln: failed to create symbolic link '/scratch/alpine/battobrah@xsede.org/Rice_NMT_Snow/upper_colorado/experiments/simulations/MSWX_3h_Snow_Project3_pp_upper_colorado_1yr_100hru_100bh_bug_checking/postprocess/basins/340.tif': No such file or directory
ln: failed to create symbolic link '/scratch/alpine/battobrah@xsede.org/Rice_NMT_Snow/upper_colorado/experiments/simulations/MSWX_3h_Snow_Project3_pp_upper_colorado_1yr_100hru_100bh_bug_checking/postprocess/basin_clusters/340.tif': No such file or directory
ln: failed to create symbolic link '/scratch/alpine/battobrah@xsede.org/Rice_NMT_Snow/upper_colorado/experiments/simulations/MSWX_3h_Snow_Project3_pp_upper_colorado_1yr_100hru_100bh_bug_checking/postprocess/hand/491.tif': No such file or directory
ln: failed to create symbolic link '/scratch/alpine/battobrah@xsede.org/Rice_NMT_Snow/upper_colorado/experiments/simulations/MSWX_3h_Snow_Project3_pp_upper_colorado_1yr_100hru_100bh_bug_checking/postprocess/basins/491.tif': No such file or directory
ln: failed to create symbolic link '/scratch/alpine/battobrah@xsede.org/Rice_NMT_Snow/upper_colorado/experiments/simulations/MSWX_3h_Snow_Project3_pp_upper_colorado_1yr_100hru_100bh_bug_checking/postprocess/basin_clusters/491.tif': No such file or directory
ln: failed to create symbolic link '/scratch/alpine/battobrah@xsede.org/Rice_NMT_Snow/upper_colorado/experiments/simulations/MSWX_3h_Snow_Project3_pp_upper_colorado_1yr_100hru_100bh_bug_checking/postprocess/hand/164.tif': No such file or directory
ln: failed to create symbolic link '/scratch/alpine/battobrah@xsede.org/Rice_NMT_Snow/upper_colorado/experiments/simulations/MSWX_3h_Snow_Project3_pp_upper_colorado_1yr_100hru_100bh_bug_checking/postprocess/basins/164.tif': No such file or directory
ln: failed to create symbolic link '/scratch/alpine/battobrah@xsede.org/Rice_NMT_Snow/upper_colorado/experiments/simulations/MSWX_3h_Snow_Project3_pp_upper_colorado_1yr_100hru_100bh_bug_checking/postprocess/basin_clusters/164.tif': No such file or directory
ln: failed to create symbolic link '/scratch/alpine/battobrah@xsede.org/Rice_NMT_Snow/upper_colorado/experiments/simulations/MSWX_3h_Snow_Project3_pp_upper_colorado_1yr_100hru_100bh_bug_checking/postprocess/hand/321.tif': No such file or directory
ln: failed to create symbolic link '/scratch/alpine/battobrah@xsede.org/Rice_NMT_Snow/upper_colorado/experiments/simulations/MSWX_3h_Snow_Project3_pp_upper_colorado_1yr_100hru_100bh_bug_checking/postprocess/basins/321.tif': No such file or directory
ln: failed to create symbolic link '/scratch/alpine/battobrah@xsede.org/Rice_NMT_Snow/upper_colorado/experiments/simulations/MSWX_3h_Snow_Project3_pp_upper_colorado_1yr_100hru_100bh_bug_checking/postprocess/basin_clusters/321.tif': No such file or directory
ln: failed to create symbolic link '/scratch/alpine/battobrah@xsede.org/Rice_NMT_Snow/upper_colorado/experiments/simulations/MSWX_3h_Snow_Project3_pp_upper_colorado_1yr_100hru_100bh_bug_checking/postprocess/hand/337.tif': No such file or directory
ln: failed to create symbolic link '/scratch/alpine/battobrah@xsede.org/Rice_NMT_Snow/upper_colorado/experiments/simulations/MSWX_3h_Snow_Project3_pp_upper_colorado_1yr_100hru_100bh_bug_checking/postprocess/basins/337.tif': No such file or directory
ln: failed to create symbolic link '/scratch/alpine/battobrah@xsede.org/Rice_NMT_Snow/upper_colorado/experiments/simulations/MSWX_3h_Snow_Project3_pp_upper_colorado_1yr_100hru_100bh_bug_checking/postprocess/basin_clusters/337.tif': No such file or directory
ln: failed to create symbolic link '/scratch/alpine/battobrah@xsede.org/Rice_NMT_Snow/upper_colorado/experiments/simulations/MSWX_3h_Snow_Project3_pp_upper_colorado_1yr_100hru_100bh_bug_checking/postprocess/hand/492.tif': No such file or directory
ln: failed to create symbolic link '/scratch/alpine/battobrah@xsede.org/Rice_NMT_Snow/upper_colorado/experiments/simulations/MSWX_3h_Snow_Project3_pp_upper_colorado_1yr_100hru_100bh_bug_checking/postprocess/basins/492.tif': No such file or directory
ln: failed to create symbolic link '/scratch/alpine/battobrah@xsede.org/Rice_NMT_Snow/upper_colorado/experiments/simulations/MSWX_3h_Snow_Project3_pp_upper_colorado_1yr_100hru_100bh_bug_checking/postprocess/basin_clusters/492.tif': No such file or directory
rm: cannot remove '/scratch/alpine/battobrah@xsede.org/Rice_NMT_Snow/upper_colorado/experiments/simulations/MSWX_3h_Snow_Project3_pp_upper_colorado_1yr_100hru_100bh_bug_checking/postprocess/dem': Directory not empty
ln: failed to create symbolic link '/scratch/alpine/battobrah@xsede.org/Rice_NMT_Snow/upper_colorado/experiments/simulations/MSWX_3h_Snow_Project3_pp_upper_colorado_1yr_100hru_100bh_bug_checking/postprocess/hand/7.tif': No such file or directory
rm: cannot remove '/scratch/alpine/battobrah@xsede.org/Rice_NMT_Snow/upper_colorado/experiments/simulations/MSWX_3h_Snow_Project3_pp_upper_colorado_1yr_100hru_100bh_bug_checking/postprocess/dem': Directory not empty
ln: failed to create symbolic link '/scratch/alpine/battobrah@xsede.org/Rice_NMT_Snow/upper_colorado/experiments/simulations/MSWX_3h_Snow_Project3_pp_upper_colorado_1yr_100hru_100bh_bug_checking/postprocess/hand/335.tif': No such file or directory
ln: failed to create symbolic link '/scratch/alpine/battobrah@xsede.org/Rice_NMT_Snow/upper_colorado/experiments/simulations/MSWX_3h_Snow_Project3_pp_upper_colorado_1yr_100hru_100bh_bug_checking/postprocess/basins/7.tif': No such file or directory
ln: failed to create symbolic link '/scratch/alpine/battobrah@xsede.org/Rice_NMT_Snow/upper_colorado/experiments/simulations/MSWX_3h_Snow_Project3_pp_upper_colorado_1yr_100hru_100bh_bug_checking/postprocess/hand/176.tif': No such file or directory
ln: failed to create symbolic link '/scratch/alpine/battobrah@xsede.org/Rice_NMT_Snow/upper_colorado/experiments/simulations/MSWX_3h_Snow_Project3_pp_upper_colorado_1yr_100hru_100bh_bug_checking/postprocess/hand/168.tif': No such file or directory
rm: cannot remove '/scratch/alpine/battobrah@xsede.org/Rice_NMT_Snow/upper_colorado/experiments/simulations/MSWX_3h_Snow_Project3_pp_upper_colorado_1yr_100hru_100bh_bug_checking/postprocess/dem': Directory not empty
rm: cannot remove '/scratch/alpine/battobrah@xsede.org/Rice_NMT_Snow/upper_colorado/experiments/simulations/MSWX_3h_Snow_Project3_pp_upper_colorado_1yr_100hru_100bh_bug_checking/postprocess/dem': Directory not empty
rm: cannot remove '/scratch/alpine/battobrah@xsede.org/Rice_NMT_Snow/upper_colorado/experiments/simulations/MSWX_3h_Snow_Project3_pp_upper_colorado_1yr_100hru_100bh_bug_checking/postprocess/dem': Directory not empty
ln: failed to create symbolic link '/scratch/alpine/battobrah@xsede.org/Rice_NMT_Snow/upper_colorado/experiments/simulations/MSWX_3h_Snow_Project3_pp_upper_colorado_1yr_100hru_100bh_bug_checking/postprocess/basin_clusters/7.tif': No such file or directory
ln: failed to create symbolic link '/scratch/alpine/battobrah@xsede.org/Rice_NMT_Snow/upper_colorado/experiments/simulations/MSWX_3h_Snow_Project3_pp_upper_colorado_1yr_100hru_100bh_bug_checking/postprocess/hand/166.tif': No such file or directory
rm: cannot remove '/scratch/alpine/battobrah@xsede.org/Rice_NMT_Snow/upper_colorado/experiments/simulations/MSWX_3h_Snow_Project3_pp_upper_colorado_1yr_100hru_100bh_bug_checking/postprocess/dem': Directory not empty
rm: cannot remove '/scratch/alpine/battobrah@xsede.org/Rice_NMT_Snow/upper_colorado/experiments/simulations/MSWX_3h_Snow_Project3_pp_upper_colorado_1yr_100hru_100bh_bug_checking/postprocess/dem': Directory not empty
ln: failed to create symbolic link '/scratch/alpine/battobrah@xsede.org/Rice_NMT_Snow/upper_colorado/experiments/simulations/MSWX_3h_Snow_Project3_pp_upper_colorado_1yr_100hru_100bh_bug_checking/postprocess/basins/176.tif': No such file or directory
ln: failed to create symbolic link '/scratch/alpine/battobrah@xsede.org/Rice_NMT_Snow/upper_colorado/experiments/simulations/MSWX_3h_Snow_Project3_pp_upper_colorado_1yr_100hru_100bh_bug_checking/postprocess/basins/335.tif': No such file or directory
ln: failed to create symbolic link '/scratch/alpine/battobrah@xsede.org/Rice_NMT_Snow/upper_colorado/experiments/simulations/MSWX_3h_Snow_Project3_pp_upper_colorado_1yr_100hru_100bh_bug_checking/postprocess/basins/166.tif': No such file or directory
ln: failed to create symbolic link '/scratch/alpine/battobrah@xsede.org/Rice_NMT_Snow/upper_colorado/experiments/simulations/MSWX_3h_Snow_Project3_pp_upper_colorado_1yr_100hru_100bh_bug_checking/postprocess/basins/168.tif': No such file or directory
ln: failed to create symbolic link '/scratch/alpine/battobrah@xsede.org/Rice_NMT_Snow/upper_colorado/experiments/simulations/MSWX_3h_Snow_Project3_pp_upper_colorado_1yr_100hru_100bh_bug_checking/postprocess/basin_clusters/335.tif': No such file or directory
ln: failed to create symbolic link '/scratch/alpine/battobrah@xsede.org/Rice_NMT_Snow/upper_colorado/experiments/simulations/MSWX_3h_Snow_Project3_pp_upper_colorado_1yr_100hru_100bh_bug_checking/postprocess/basin_clusters/176.tif': No such file or directory
ln: failed to create symbolic link '/scratch/alpine/battobrah@xsede.org/Rice_NMT_Snow/upper_colorado/experiments/simulations/MSWX_3h_Snow_Project3_pp_upper_colorado_1yr_100hru_100bh_bug_checking/postprocess/basin_clusters/166.tif': No such file or directory
ln: failed to create symbolic link '/scratch/alpine/battobrah@xsede.org/Rice_NMT_Snow/upper_colorado/experiments/simulations/MSWX_3h_Snow_Project3_pp_upper_colorado_1yr_100hru_100bh_bug_checking/postprocess/basin_clusters/168.tif': No such file or directory
ln: failed to create symbolic link '/scratch/alpine/battobrah@xsede.org/Rice_NMT_Snow/upper_colorado/experiments/simulations/MSWX_3h_Snow_Project3_pp_upper_colorado_1yr_100hru_100bh_bug_checking/postprocess/hand/169.tif': No such file or directory
ln: failed to create symbolic link '/scratch/alpine/battobrah@xsede.org/Rice_NMT_Snow/upper_colorado/experiments/simulations/MSWX_3h_Snow_Project3_pp_upper_colorado_1yr_100hru_100bh_bug_checking/postprocess/basins/169.tif': No such file or directory
ln: failed to create symbolic link '/scratch/alpine/battobrah@xsede.org/Rice_NMT_Snow/upper_colorado/experiments/simulations/MSWX_3h_Snow_Project3_pp_upper_colorado_1yr_100hru_100bh_bug_checking/postprocess/basin_clusters/169.tif': No such file or directory
ln: failed to create symbolic link '/scratch/alpine/battobrah@xsede.org/Rice_NMT_Snow/upper_colorado/experiments/simulations/MSWX_3h_Snow_Project3_pp_upper_colorado_1yr_100hru_100bh_bug_checking/postprocess/hand/339.tif': No such file or directory
ln: failed to create symbolic link '/scratch/alpine/battobrah@xsede.org/Rice_NMT_Snow/upper_colorado/experiments/simulations/MSWX_3h_Snow_Project3_pp_upper_colorado_1yr_100hru_100bh_bug_checking/postprocess/basins/339.tif': No such file or directory
ln: failed to create symbolic link '/scratch/alpine/battobrah@xsede.org/Rice_NMT_Snow/upper_colorado/experiments/simulations/MSWX_3h_Snow_Project3_pp_upper_colorado_1yr_100hru_100bh_bug_checking/postprocess/basin_clusters/339.tif': No such file or directory
ln: failed to create symbolic link '/scratch/alpine/battobrah@xsede.org/Rice_NMT_Snow/upper_colorado/experiments/simulations/MSWX_3h_Snow_Project3_pp_upper_colorado_1yr_100hru_100bh_bug_checking/postprocess/hand/170.tif': No such file or directory
ln: failed to create symbolic link '/scratch/alpine/battobrah@xsede.org/Rice_NMT_Snow/upper_colorado/experiments/simulations/MSWX_3h_Snow_Project3_pp_upper_colorado_1yr_100hru_100bh_bug_checking/postprocess/basins/170.tif': No such file or directory
ln: failed to create symbolic link '/scratch/alpine/battobrah@xsede.org/Rice_NMT_Snow/upper_colorado/experiments/simulations/MSWX_3h_Snow_Project3_pp_upper_colorado_1yr_100hru_100bh_bug_checking/postprocess/basin_clusters/170.tif': No such file or directory
ln: failed to create symbolic link '/scratch/alpine/battobrah@xsede.org/Rice_NMT_Snow/upper_colorado/experiments/simulations/MSWX_3h_Snow_Project3_pp_upper_colorado_1yr_100hru_100bh_bug_checking/postprocess/hand/333.tif': No such file or directory
ln: failed to create symbolic link '/scratch/alpine/battobrah@xsede.org/Rice_NMT_Snow/upper_colorado/experiments/simulations/MSWX_3h_Snow_Project3_pp_upper_colorado_1yr_100hru_100bh_bug_checking/postprocess/basins/333.tif': No such file or directory
ln: failed to create symbolic link '/scratch/alpine/battobrah@xsede.org/Rice_NMT_Snow/upper_colorado/experiments/simulations/MSWX_3h_Snow_Project3_pp_upper_colorado_1yr_100hru_100bh_bug_checking/postprocess/basin_clusters/333.tif': No such file or directory
rm: cannot remove '/scratch/alpine/battobrah@xsede.org/Rice_NMT_Snow/upper_colorado/experiments/simulations/MSWX_3h_Snow_Project3_pp_upper_colorado_1yr_100hru_100bh_bug_checking/postprocess/hrus': Directory not empty
rm: cannot remove '/scratch/alpine/battobrah@xsede.org/Rice_NMT_Snow/upper_colorado/experiments/simulations/MSWX_3h_Snow_Project3_pp_upper_colorado_1yr_100hru_100bh_bug_checking/postprocess/hrus': Directory not empty
ln: failed to create symbolic link '/scratch/alpine/battobrah@xsede.org/Rice_NMT_Snow/upper_colorado/experiments/simulations/MSWX_3h_Snow_Project3_pp_upper_colorado_1yr_100hru_100bh_bug_checking/postprocess/hand/482.tif': No such file or directory
ln: failed to create symbolic link '/scratch/alpine/battobrah@xsede.org/Rice_NMT_Snow/upper_colorado/experiments/simulations/MSWX_3h_Snow_Project3_pp_upper_colorado_1yr_100hru_100bh_bug_checking/postprocess/basins/482.tif': No such file or directory
ln: failed to create symbolic link '/scratch/alpine/battobrah@xsede.org/Rice_NMT_Snow/upper_colorado/experiments/simulations/MSWX_3h_Snow_Project3_pp_upper_colorado_1yr_100hru_100bh_bug_checking/postprocess/basin_clusters/482.tif': No such file or directory
ln: failed to create symbolic link '/scratch/alpine/battobrah@xsede.org/Rice_NMT_Snow/upper_colorado/experiments/simulations/MSWX_3h_Snow_Project3_pp_upper_colorado_1yr_100hru_100bh_bug_checking/postprocess/hand/165.tif': No such file or directory
ln: failed to create symbolic link '/scratch/alpine/battobrah@xsede.org/Rice_NMT_Snow/upper_colorado/experiments/simulations/MSWX_3h_Snow_Project3_pp_upper_colorado_1yr_100hru_100bh_bug_checking/postprocess/basins/165.tif': No such file or directory
ln: failed to create symbolic link '/scratch/alpine/battobrah@xsede.org/Rice_NMT_Snow/upper_colorado/experiments/simulations/MSWX_3h_Snow_Project3_pp_upper_colorado_1yr_100hru_100bh_bug_checking/postprocess/basin_clusters/165.tif': No such file or directory
ln: failed to create symbolic link '/scratch/alpine/battobrah@xsede.org/Rice_NMT_Snow/upper_colorado/experiments/simulations/MSWX_3h_Snow_Project3_pp_upper_colorado_1yr_100hru_100bh_bug_checking/postprocess/hand/498.tif': No such file or directory
ln: failed to create symbolic link '/scratch/alpine/battobrah@xsede.org/Rice_NMT_Snow/upper_colorado/experiments/simulations/MSWX_3h_Snow_Project3_pp_upper_colorado_1yr_100hru_100bh_bug_checking/postprocess/basins/498.tif': No such file or directory
ln: failed to create symbolic link '/scratch/alpine/battobrah@xsede.org/Rice_NMT_Snow/upper_colorado/experiments/simulations/MSWX_3h_Snow_Project3_pp_upper_colorado_1yr_100hru_100bh_bug_checking/postprocess/basin_clusters/498.tif': No such file or directory
ln: failed to create symbolic link '/scratch/alpine/battobrah@xsede.org/Rice_NMT_Snow/upper_colorado/experiments/simulations/MSWX_3h_Snow_Project3_pp_upper_colorado_1yr_100hru_100bh_bug_checking/postprocess/hand/323.tif': No such file or directory
ln: failed to create symbolic link '/scratch/alpine/battobrah@xsede.org/Rice_NMT_Snow/upper_colorado/experiments/simulations/MSWX_3h_Snow_Project3_pp_upper_colorado_1yr_100hru_100bh_bug_checking/postprocess/basins/323.tif': No such file or directory
ln: failed to create symbolic link '/scratch/alpine/battobrah@xsede.org/Rice_NMT_Snow/upper_colorado/experiments/simulations/MSWX_3h_Snow_Project3_pp_upper_colorado_1yr_100hru_100bh_bug_checking/postprocess/basin_clusters/323.tif': No such file or directory
ln: failed to create symbolic link '/scratch/alpine/battobrah@xsede.org/Rice_NMT_Snow/upper_colorado/experiments/simulations/MSWX_3h_Snow_Project3_pp_upper_colorado_1yr_100hru_100bh_bug_checking/postprocess/hand/481.tif': No such file or directory
ln: failed to create symbolic link '/scratch/alpine/battobrah@xsede.org/Rice_NMT_Snow/upper_colorado/experiments/simulations/MSWX_3h_Snow_Project3_pp_upper_colorado_1yr_100hru_100bh_bug_checking/postprocess/basins/481.tif': No such file or directory
ln: failed to create symbolic link '/scratch/alpine/battobrah@xsede.org/Rice_NMT_Snow/upper_colorado/experiments/simulations/MSWX_3h_Snow_Project3_pp_upper_colorado_1yr_100hru_100bh_bug_checking/postprocess/basin_clusters/481.tif': No such file or directory
ln: failed to create symbolic link '/scratch/alpine/battobrah@xsede.org/Rice_NMT_Snow/upper_colorado/experiments/simulations/MSWX_3h_Snow_Project3_pp_upper_colorado_1yr_100hru_100bh_bug_checking/postprocess/hand/499.tif': No such file or directory
ln: failed to create symbolic link '/scratch/alpine/battobrah@xsede.org/Rice_NMT_Snow/upper_colorado/experiments/simulations/MSWX_3h_Snow_Project3_pp_upper_colorado_1yr_100hru_100bh_bug_checking/postprocess/basins/499.tif': No such file or directory
ln: failed to create symbolic link '/scratch/alpine/battobrah@xsede.org/Rice_NMT_Snow/upper_colorado/experiments/simulations/MSWX_3h_Snow_Project3_pp_upper_colorado_1yr_100hru_100bh_bug_checking/postprocess/hand/167.tif': No such file or directory
ln: failed to create symbolic link '/scratch/alpine/battobrah@xsede.org/Rice_NMT_Snow/upper_colorado/experiments/simulations/MSWX_3h_Snow_Project3_pp_upper_colorado_1yr_100hru_100bh_bug_checking/postprocess/basin_clusters/499.tif': No such file or directory
ln: failed to create symbolic link '/scratch/alpine/battobrah@xsede.org/Rice_NMT_Snow/upper_colorado/experiments/simulations/MSWX_3h_Snow_Project3_pp_upper_colorado_1yr_100hru_100bh_bug_checking/postprocess/basins/167.tif': No such file or directory
ln: failed to create symbolic link '/scratch/alpine/battobrah@xsede.org/Rice_NMT_Snow/upper_colorado/experiments/simulations/MSWX_3h_Snow_Project3_pp_upper_colorado_1yr_100hru_100bh_bug_checking/postprocess/basin_clusters/167.tif': No such file or directory
ln: failed to create symbolic link '/scratch/alpine/battobrah@xsede.org/Rice_NMT_Snow/upper_colorado/experiments/simulations/MSWX_3h_Snow_Project3_pp_upper_colorado_1yr_100hru_100bh_bug_checking/postprocess/hand/324.tif': No such file or directory
ln: failed to create symbolic link '/scratch/alpine/battobrah@xsede.org/Rice_NMT_Snow/upper_colorado/experiments/simulations/MSWX_3h_Snow_Project3_pp_upper_colorado_1yr_100hru_100bh_bug_checking/postprocess/basins/324.tif': No such file or directory
ln: failed to create symbolic link '/scratch/alpine/battobrah@xsede.org/Rice_NMT_Snow/upper_colorado/experiments/simulations/MSWX_3h_Snow_Project3_pp_upper_colorado_1yr_100hru_100bh_bug_checking/postprocess/hand/500.tif': No such file or directory
ln: failed to create symbolic link '/scratch/alpine/battobrah@xsede.org/Rice_NMT_Snow/upper_colorado/experiments/simulations/MSWX_3h_Snow_Project3_pp_upper_colorado_1yr_100hru_100bh_bug_checking/postprocess/basin_clusters/324.tif': No such file or directory
ln: failed to create symbolic link '/scratch/alpine/battobrah@xsede.org/Rice_NMT_Snow/upper_colorado/experiments/simulations/MSWX_3h_Snow_Project3_pp_upper_colorado_1yr_100hru_100bh_bug_checking/postprocess/basins/500.tif': No such file or directory
ln: failed to create symbolic link '/scratch/alpine/battobrah@xsede.org/Rice_NMT_Snow/upper_colorado/experiments/simulations/MSWX_3h_Snow_Project3_pp_upper_colorado_1yr_100hru_100bh_bug_checking/postprocess/basin_clusters/500.tif': No such file or directory
ln: failed to create symbolic link '/scratch/alpine/battobrah@xsede.org/Rice_NMT_Snow/upper_colorado/experiments/simulations/MSWX_3h_Snow_Project3_pp_upper_colorado_1yr_100hru_100bh_bug_checking/postprocess/hand/330.tif': No such file or directory
ln: failed to create symbolic link '/scratch/alpine/battobrah@xsede.org/Rice_NMT_Snow/upper_colorado/experiments/simulations/MSWX_3h_Snow_Project3_pp_upper_colorado_1yr_100hru_100bh_bug_checking/postprocess/basins/330.tif': No such file or directory
ln: failed to create symbolic link '/scratch/alpine/battobrah@xsede.org/Rice_NMT_Snow/upper_colorado/experiments/simulations/MSWX_3h_Snow_Project3_pp_upper_colorado_1yr_100hru_100bh_bug_checking/postprocess/basin_clusters/330.tif': No such file or directory
ln: failed to create symbolic link '/scratch/alpine/battobrah@xsede.org/Rice_NMT_Snow/upper_colorado/experiments/simulations/MSWX_3h_Snow_Project3_pp_upper_colorado_1yr_100hru_100bh_bug_checking/postprocess/hand/329.tif': No such file or directory
ln: failed to create symbolic link '/scratch/alpine/battobrah@xsede.org/Rice_NMT_Snow/upper_colorado/experiments/simulations/MSWX_3h_Snow_Project3_pp_upper_colorado_1yr_100hru_100bh_bug_checking/postprocess/basins/329.tif': No such file or directory
ln: failed to create symbolic link '/scratch/alpine/battobrah@xsede.org/Rice_NMT_Snow/upper_colorado/experiments/simulations/MSWX_3h_Snow_Project3_pp_upper_colorado_1yr_100hru_100bh_bug_checking/postprocess/hand/494.tif': No such file or directory
ln: failed to create symbolic link '/scratch/alpine/battobrah@xsede.org/Rice_NMT_Snow/upper_colorado/experiments/simulations/MSWX_3h_Snow_Project3_pp_upper_colorado_1yr_100hru_100bh_bug_checking/postprocess/basin_clusters/329.tif': No such file or directory
ln: failed to create symbolic link '/scratch/alpine/battobrah@xsede.org/Rice_NMT_Snow/upper_colorado/experiments/simulations/MSWX_3h_Snow_Project3_pp_upper_colorado_1yr_100hru_100bh_bug_checking/postprocess/basins/494.tif': No such file or directory
ln: failed to create symbolic link '/scratch/alpine/battobrah@xsede.org/Rice_NMT_Snow/upper_colorado/experiments/simulations/MSWX_3h_Snow_Project3_pp_upper_colorado_1yr_100hru_100bh_bug_checking/postprocess/basin_clusters/494.tif': No such file or directory
ln: failed to create symbolic link '/scratch/alpine/battobrah@xsede.org/Rice_NMT_Snow/upper_colorado/experiments/simulations/MSWX_3h_Snow_Project3_pp_upper_colorado_1yr_100hru_100bh_bug_checking/postprocess/hand/483.tif': No such file or directory
ln: failed to create symbolic link '/scratch/alpine/battobrah@xsede.org/Rice_NMT_Snow/upper_colorado/experiments/simulations/MSWX_3h_Snow_Project3_pp_upper_colorado_1yr_100hru_100bh_bug_checking/postprocess/basins/483.tif': No such file or directory
ln: failed to create symbolic link '/scratch/alpine/battobrah@xsede.org/Rice_NMT_Snow/upper_colorado/experiments/simulations/MSWX_3h_Snow_Project3_pp_upper_colorado_1yr_100hru_100bh_bug_checking/postprocess/basin_clusters/483.tif': No such file or directory
ln: failed to create symbolic link '/scratch/alpine/battobrah@xsede.org/Rice_NMT_Snow/upper_colorado/experiments/simulations/MSWX_3h_Snow_Project3_pp_upper_colorado_1yr_100hru_100bh_bug_checking/postprocess/hand/497.tif': No such file or directory
ln: failed to create symbolic link '/scratch/alpine/battobrah@xsede.org/Rice_NMT_Snow/upper_colorado/experiments/simulations/MSWX_3h_Snow_Project3_pp_upper_colorado_1yr_100hru_100bh_bug_checking/postprocess/basins/497.tif': No such file or directory
ln: failed to create symbolic link '/scratch/alpine/battobrah@xsede.org/Rice_NMT_Snow/upper_colorado/experiments/simulations/MSWX_3h_Snow_Project3_pp_upper_colorado_1yr_100hru_100bh_bug_checking/postprocess/basin_clusters/497.tif': No such file or directory
ln: failed to create symbolic link '/scratch/alpine/battobrah@xsede.org/Rice_NMT_Snow/upper_colorado/experiments/simulations/MSWX_3h_Snow_Project3_pp_upper_colorado_1yr_100hru_100bh_bug_checking/postprocess/hand/328.tif': No such file or directory
ln: failed to create symbolic link '/scratch/alpine/battobrah@xsede.org/Rice_NMT_Snow/upper_colorado/experiments/simulations/MSWX_3h_Snow_Project3_pp_upper_colorado_1yr_100hru_100bh_bug_checking/postprocess/basins/328.tif': No such file or directory
ln: failed to create symbolic link '/scratch/alpine/battobrah@xsede.org/Rice_NMT_Snow/upper_colorado/experiments/simulations/MSWX_3h_Snow_Project3_pp_upper_colorado_1yr_100hru_100bh_bug_checking/postprocess/basin_clusters/328.tif': No such file or directory
ln: failed to create symbolic link '/scratch/alpine/battobrah@xsede.org/Rice_NMT_Snow/upper_colorado/experiments/simulations/MSWX_3h_Snow_Project3_pp_upper_colorado_1yr_100hru_100bh_bug_checking/postprocess/hand/326.tif': No such file or directory
ln: failed to create symbolic link '/scratch/alpine/battobrah@xsede.org/Rice_NMT_Snow/upper_colorado/experiments/simulations/MSWX_3h_Snow_Project3_pp_upper_colorado_1yr_100hru_100bh_bug_checking/postprocess/basins/326.tif': No such file or directory
ln: failed to create symbolic link '/scratch/alpine/battobrah@xsede.org/Rice_NMT_Snow/upper_colorado/experiments/simulations/MSWX_3h_Snow_Project3_pp_upper_colorado_1yr_100hru_100bh_bug_checking/postprocess/basin_clusters/326.tif': No such file or directory
ln: failed to create symbolic link '/scratch/alpine/battobrah@xsede.org/Rice_NMT_Snow/upper_colorado/experiments/simulations/MSWX_3h_Snow_Project3_pp_upper_colorado_1yr_100hru_100bh_bug_checking/postprocess/hand/651.tif': No such file or directory
ln: failed to create symbolic link '/scratch/alpine/battobrah@xsede.org/Rice_NMT_Snow/upper_colorado/experiments/simulations/MSWX_3h_Snow_Project3_pp_upper_colorado_1yr_100hru_100bh_bug_checking/postprocess/basins/651.tif': No such file or directory
ln: failed to create symbolic link '/scratch/alpine/battobrah@xsede.org/Rice_NMT_Snow/upper_colorado/experiments/simulations/MSWX_3h_Snow_Project3_pp_upper_colorado_1yr_100hru_100bh_bug_checking/postprocess/basin_clusters/651.tif': No such file or directory
ln: failed to create symbolic link '/scratch/alpine/battobrah@xsede.org/Rice_NMT_Snow/upper_colorado/experiments/simulations/MSWX_3h_Snow_Project3_pp_upper_colorado_1yr_100hru_100bh_bug_checking/postprocess/hand/493.tif': No such file or directory
ln: failed to create symbolic link '/scratch/alpine/battobrah@xsede.org/Rice_NMT_Snow/upper_colorado/experiments/simulations/MSWX_3h_Snow_Project3_pp_upper_colorado_1yr_100hru_100bh_bug_checking/postprocess/basins/493.tif': No such file or directory
ln: failed to create symbolic link '/scratch/alpine/battobrah@xsede.org/Rice_NMT_Snow/upper_colorado/experiments/simulations/MSWX_3h_Snow_Project3_pp_upper_colorado_1yr_100hru_100bh_bug_checking/postprocess/basin_clusters/493.tif': No such file or directory
ln: failed to create symbolic link '/scratch/alpine/battobrah@xsede.org/Rice_NMT_Snow/upper_colorado/experiments/simulations/MSWX_3h_Snow_Project3_pp_upper_colorado_1yr_100hru_100bh_bug_checking/postprocess/hand/325.tif': No such file or directory
ln: failed to create symbolic link '/scratch/alpine/battobrah@xsede.org/Rice_NMT_Snow/upper_colorado/experiments/simulations/MSWX_3h_Snow_Project3_pp_upper_colorado_1yr_100hru_100bh_bug_checking/postprocess/basins/325.tif': No such file or directory
ln: failed to create symbolic link '/scratch/alpine/battobrah@xsede.org/Rice_NMT_Snow/upper_colorado/experiments/simulations/MSWX_3h_Snow_Project3_pp_upper_colorado_1yr_100hru_100bh_bug_checking/postprocess/basin_clusters/325.tif': No such file or directory
ln: failed to create symbolic link '/scratch/alpine/battobrah@xsede.org/Rice_NMT_Snow/upper_colorado/experiments/simulations/MSWX_3h_Snow_Project3_pp_upper_colorado_1yr_100hru_100bh_bug_checking/postprocess/hand/495.tif': No such file or directory
ln: failed to create symbolic link '/scratch/alpine/battobrah@xsede.org/Rice_NMT_Snow/upper_colorado/experiments/simulations/MSWX_3h_Snow_Project3_pp_upper_colorado_1yr_100hru_100bh_bug_checking/postprocess/basins/495.tif': No such file or directory
ln: failed to create symbolic link '/scratch/alpine/battobrah@xsede.org/Rice_NMT_Snow/upper_colorado/experiments/simulations/MSWX_3h_Snow_Project3_pp_upper_colorado_1yr_100hru_100bh_bug_checking/postprocess/basin_clusters/495.tif': No such file or directory
ln: failed to create symbolic link '/scratch/alpine/battobrah@xsede.org/Rice_NMT_Snow/upper_colorado/experiments/simulations/MSWX_3h_Snow_Project3_pp_upper_colorado_1yr_100hru_100bh_bug_checking/postprocess/hand/652.tif': No such file or directory
ln: failed to create symbolic link '/scratch/alpine/battobrah@xsede.org/Rice_NMT_Snow/upper_colorado/experiments/simulations/MSWX_3h_Snow_Project3_pp_upper_colorado_1yr_100hru_100bh_bug_checking/postprocess/basins/652.tif': No such file or directory
ln: failed to create symbolic link '/scratch/alpine/battobrah@xsede.org/Rice_NMT_Snow/upper_colorado/experiments/simulations/MSWX_3h_Snow_Project3_pp_upper_colorado_1yr_100hru_100bh_bug_checking/postprocess/basin_clusters/652.tif': No such file or directory
ln: failed to create symbolic link '/scratch/alpine/battobrah@xsede.org/Rice_NMT_Snow/upper_colorado/experiments/simulations/MSWX_3h_Snow_Project3_pp_upper_colorado_1yr_100hru_100bh_bug_checking/postprocess/hand/336.tif': No such file or directory
ln: failed to create symbolic link '/scratch/alpine/battobrah@xsede.org/Rice_NMT_Snow/upper_colorado/experiments/simulations/MSWX_3h_Snow_Project3_pp_upper_colorado_1yr_100hru_100bh_bug_checking/postprocess/basins/336.tif': No such file or directory
ln: failed to create symbolic link '/scratch/alpine/battobrah@xsede.org/Rice_NMT_Snow/upper_colorado/experiments/simulations/MSWX_3h_Snow_Project3_pp_upper_colorado_1yr_100hru_100bh_bug_checking/postprocess/basin_clusters/336.tif': No such file or directory
ln: failed to create symbolic link '/scratch/alpine/battobrah@xsede.org/Rice_NMT_Snow/upper_colorado/experiments/simulations/MSWX_3h_Snow_Project3_pp_upper_colorado_1yr_100hru_100bh_bug_checking/postprocess/hand/490.tif': No such file or directory
ln: failed to create symbolic link '/scratch/alpine/battobrah@xsede.org/Rice_NMT_Snow/upper_colorado/experiments/simulations/MSWX_3h_Snow_Project3_pp_upper_colorado_1yr_100hru_100bh_bug_checking/postprocess/basins/490.tif': No such file or directory
ln: failed to create symbolic link '/scratch/alpine/battobrah@xsede.org/Rice_NMT_Snow/upper_colorado/experiments/simulations/MSWX_3h_Snow_Project3_pp_upper_colorado_1yr_100hru_100bh_bug_checking/postprocess/basin_clusters/490.tif': No such file or directory
ln: failed to create symbolic link '/scratch/alpine/battobrah@xsede.org/Rice_NMT_Snow/upper_colorado/experiments/simulations/MSWX_3h_Snow_Project3_pp_upper_colorado_1yr_100hru_100bh_bug_checking/postprocess/hand/489.tif': No such file or directory
ln: failed to create symbolic link '/scratch/alpine/battobrah@xsede.org/Rice_NMT_Snow/upper_colorado/experiments/simulations/MSWX_3h_Snow_Project3_pp_upper_colorado_1yr_100hru_100bh_bug_checking/postprocess/basins/489.tif': No such file or directory
ln: failed to create symbolic link '/scratch/alpine/battobrah@xsede.org/Rice_NMT_Snow/upper_colorado/experiments/simulations/MSWX_3h_Snow_Project3_pp_upper_colorado_1yr_100hru_100bh_bug_checking/postprocess/basin_clusters/489.tif': No such file or directory
ln: failed to create symbolic link '/scratch/alpine/battobrah@xsede.org/Rice_NMT_Snow/upper_colorado/experiments/simulations/MSWX_3h_Snow_Project3_pp_upper_colorado_1yr_100hru_100bh_bug_checking/postprocess/hand/659.tif': No such file or directory
ln: failed to create symbolic link '/scratch/alpine/battobrah@xsede.org/Rice_NMT_Snow/upper_colorado/experiments/simulations/MSWX_3h_Snow_Project3_pp_upper_colorado_1yr_100hru_100bh_bug_checking/postprocess/basins/659.tif': No such file or directory
ln: failed to create symbolic link '/scratch/alpine/battobrah@xsede.org/Rice_NMT_Snow/upper_colorado/experiments/simulations/MSWX_3h_Snow_Project3_pp_upper_colorado_1yr_100hru_100bh_bug_checking/postprocess/basin_clusters/659.tif': No such file or directory
ln: failed to create symbolic link '/scratch/alpine/battobrah@xsede.org/Rice_NMT_Snow/upper_colorado/experiments/simulations/MSWX_3h_Snow_Project3_pp_upper_colorado_1yr_100hru_100bh_bug_checking/postprocess/hand/327.tif': No such file or directory
ln: failed to create symbolic link '/scratch/alpine/battobrah@xsede.org/Rice_NMT_Snow/upper_colorado/experiments/simulations/MSWX_3h_Snow_Project3_pp_upper_colorado_1yr_100hru_100bh_bug_checking/postprocess/basins/327.tif': No such file or directory
ln: failed to create symbolic link '/scratch/alpine/battobrah@xsede.org/Rice_NMT_Snow/upper_colorado/experiments/simulations/MSWX_3h_Snow_Project3_pp_upper_colorado_1yr_100hru_100bh_bug_checking/postprocess/basin_clusters/327.tif': No such file or directory
ln: failed to create symbolic link '/scratch/alpine/battobrah@xsede.org/Rice_NMT_Snow/upper_colorado/experiments/simulations/MSWX_3h_Snow_Project3_pp_upper_colorado_1yr_100hru_100bh_bug_checking/postprocess/hand/811.tif': No such file or directory
ln: failed to create symbolic link '/scratch/alpine/battobrah@xsede.org/Rice_NMT_Snow/upper_colorado/experiments/simulations/MSWX_3h_Snow_Project3_pp_upper_colorado_1yr_100hru_100bh_bug_checking/postprocess/basins/811.tif': No such file or directory
ln: failed to create symbolic link '/scratch/alpine/battobrah@xsede.org/Rice_NMT_Snow/upper_colorado/experiments/simulations/MSWX_3h_Snow_Project3_pp_upper_colorado_1yr_100hru_100bh_bug_checking/postprocess/basin_clusters/811.tif': No such file or directory
ln: failed to create symbolic link '/scratch/alpine/battobrah@xsede.org/Rice_NMT_Snow/upper_colorado/experiments/simulations/MSWX_3h_Snow_Project3_pp_upper_colorado_1yr_100hru_100bh_bug_checking/postprocess/hand/658.tif': No such file or directory
ln: failed to create symbolic link '/scratch/alpine/battobrah@xsede.org/Rice_NMT_Snow/upper_colorado/experiments/simulations/MSWX_3h_Snow_Project3_pp_upper_colorado_1yr_100hru_100bh_bug_checking/postprocess/basins/658.tif': No such file or directory
ln: failed to create symbolic link '/scratch/alpine/battobrah@xsede.org/Rice_NMT_Snow/upper_colorado/experiments/simulations/MSWX_3h_Snow_Project3_pp_upper_colorado_1yr_100hru_100bh_bug_checking/postprocess/basin_clusters/658.tif': No such file or directory
ln: failed to create symbolic link '/scratch/alpine/battobrah@xsede.org/Rice_NMT_Snow/upper_colorado/experiments/simulations/MSWX_3h_Snow_Project3_pp_upper_colorado_1yr_100hru_100bh_bug_checking/postprocess/hand/484.tif': No such file or directory
ln: failed to create symbolic link '/scratch/alpine/battobrah@xsede.org/Rice_NMT_Snow/upper_colorado/experiments/simulations/MSWX_3h_Snow_Project3_pp_upper_colorado_1yr_100hru_100bh_bug_checking/postprocess/basins/484.tif': No such file or directory
ln: failed to create symbolic link '/scratch/alpine/battobrah@xsede.org/Rice_NMT_Snow/upper_colorado/experiments/simulations/MSWX_3h_Snow_Project3_pp_upper_colorado_1yr_100hru_100bh_bug_checking/postprocess/basin_clusters/484.tif': No such file or directory
ln: failed to create symbolic link '/scratch/alpine/battobrah@xsede.org/Rice_NMT_Snow/upper_colorado/experiments/simulations/MSWX_3h_Snow_Project3_pp_upper_colorado_1yr_100hru_100bh_bug_checking/postprocess/hand/643.tif': No such file or directory
ln: failed to create symbolic link '/scratch/alpine/battobrah@xsede.org/Rice_NMT_Snow/upper_colorado/experiments/simulations/MSWX_3h_Snow_Project3_pp_upper_colorado_1yr_100hru_100bh_bug_checking/postprocess/basins/643.tif': No such file or directory
ln: failed to create symbolic link '/scratch/alpine/battobrah@xsede.org/Rice_NMT_Snow/upper_colorado/experiments/simulations/MSWX_3h_Snow_Project3_pp_upper_colorado_1yr_100hru_100bh_bug_checking/postprocess/basin_clusters/643.tif': No such file or directory
ln: failed to create symbolic link '/scratch/alpine/battobrah@xsede.org/Rice_NMT_Snow/upper_colorado/experiments/simulations/MSWX_3h_Snow_Project3_pp_upper_colorado_1yr_100hru_100bh_bug_checking/postprocess/hand/657.tif': No such file or directory
ln: failed to create symbolic link '/scratch/alpine/battobrah@xsede.org/Rice_NMT_Snow/upper_colorado/experiments/simulations/MSWX_3h_Snow_Project3_pp_upper_colorado_1yr_100hru_100bh_bug_checking/postprocess/basins/657.tif': No such file or directory
ln: failed to create symbolic link '/scratch/alpine/battobrah@xsede.org/Rice_NMT_Snow/upper_colorado/experiments/simulations/MSWX_3h_Snow_Project3_pp_upper_colorado_1yr_100hru_100bh_bug_checking/postprocess/basin_clusters/657.tif': No such file or directory
ln: failed to create symbolic link '/scratch/alpine/battobrah@xsede.org/Rice_NMT_Snow/upper_colorado/experiments/simulations/MSWX_3h_Snow_Project3_pp_upper_colorado_1yr_100hru_100bh_bug_checking/postprocess/hand/653.tif': No such file or directory
ln: failed to create symbolic link '/scratch/alpine/battobrah@xsede.org/Rice_NMT_Snow/upper_colorado/experiments/simulations/MSWX_3h_Snow_Project3_pp_upper_colorado_1yr_100hru_100bh_bug_checking/postprocess/basins/653.tif': No such file or directory
ln: failed to create symbolic link '/scratch/alpine/battobrah@xsede.org/Rice_NMT_Snow/upper_colorado/experiments/simulations/MSWX_3h_Snow_Project3_pp_upper_colorado_1yr_100hru_100bh_bug_checking/postprocess/basin_clusters/653.tif': No such file or directory
ln: failed to create symbolic link '/scratch/alpine/battobrah@xsede.org/Rice_NMT_Snow/upper_colorado/experiments/simulations/MSWX_3h_Snow_Project3_pp_upper_colorado_1yr_100hru_100bh_bug_checking/postprocess/hand/660.tif': No such file or directory
ln: failed to create symbolic link '/scratch/alpine/battobrah@xsede.org/Rice_NMT_Snow/upper_colorado/experiments/simulations/MSWX_3h_Snow_Project3_pp_upper_colorado_1yr_100hru_100bh_bug_checking/postprocess/basins/660.tif': No such file or directory
ln: failed to create symbolic link '/scratch/alpine/battobrah@xsede.org/Rice_NMT_Snow/upper_colorado/experiments/simulations/MSWX_3h_Snow_Project3_pp_upper_colorado_1yr_100hru_100bh_bug_checking/postprocess/hand/654.tif': No such file or directory
ln: failed to create symbolic link '/scratch/alpine/battobrah@xsede.org/Rice_NMT_Snow/upper_colorado/experiments/simulations/MSWX_3h_Snow_Project3_pp_upper_colorado_1yr_100hru_100bh_bug_checking/postprocess/basin_clusters/660.tif': No such file or directory
ln: failed to create symbolic link '/scratch/alpine/battobrah@xsede.org/Rice_NMT_Snow/upper_colorado/experiments/simulations/MSWX_3h_Snow_Project3_pp_upper_colorado_1yr_100hru_100bh_bug_checking/postprocess/basins/654.tif': No such file or directory
rm: cannot remove '/scratch/alpine/battobrah@xsede.org/Rice_NMT_Snow/upper_colorado/experiments/simulations/MSWX_3h_Snow_Project3_pp_upper_colorado_1yr_100hru_100bh_bug_checking/postprocess/cids_org': Directory not empty
rm: cannot remove '/scratch/alpine/battobrah@xsede.org/Rice_NMT_Snow/upper_colorado/experiments/simulations/MSWX_3h_Snow_Project3_pp_upper_colorado_1yr_100hru_100bh_bug_checking/postprocess/cids_org': Directory not empty
ln: failed to create symbolic link '/scratch/alpine/battobrah@xsede.org/Rice_NMT_Snow/upper_colorado/experiments/simulations/MSWX_3h_Snow_Project3_pp_upper_colorado_1yr_100hru_100bh_bug_checking/postprocess/hand/486.tif': No such file or directory
ln: failed to create symbolic link '/scratch/alpine/battobrah@xsede.org/Rice_NMT_Snow/upper_colorado/experiments/simulations/MSWX_3h_Snow_Project3_pp_upper_colorado_1yr_100hru_100bh_bug_checking/postprocess/basins/486.tif': No such file or directory
ln: failed to create symbolic link '/scratch/alpine/battobrah@xsede.org/Rice_NMT_Snow/upper_colorado/experiments/simulations/MSWX_3h_Snow_Project3_pp_upper_colorado_1yr_100hru_100bh_bug_checking/postprocess/basin_clusters/486.tif': No such file or directory
ln: failed to create symbolic link '/scratch/alpine/battobrah@xsede.org/Rice_NMT_Snow/upper_colorado/experiments/simulations/MSWX_3h_Snow_Project3_pp_upper_colorado_1yr_100hru_100bh_bug_checking/postprocess/basin_clusters/654.tif': No such file or directory
ln: failed to create symbolic link '/scratch/alpine/battobrah@xsede.org/Rice_NMT_Snow/upper_colorado/experiments/simulations/MSWX_3h_Snow_Project3_pp_upper_colorado_1yr_100hru_100bh_bug_checking/postprocess/hand/485.tif': No such file or directory
ln: failed to create symbolic link '/scratch/alpine/battobrah@xsede.org/Rice_NMT_Snow/upper_colorado/experiments/simulations/MSWX_3h_Snow_Project3_pp_upper_colorado_1yr_100hru_100bh_bug_checking/postprocess/basins/485.tif': No such file or directory
ln: failed to create symbolic link '/scratch/alpine/battobrah@xsede.org/Rice_NMT_Snow/upper_colorado/experiments/simulations/MSWX_3h_Snow_Project3_pp_upper_colorado_1yr_100hru_100bh_bug_checking/postprocess/basin_clusters/485.tif': No such file or directory
rm: cannot remove '/scratch/alpine/battobrah@xsede.org/Rice_NMT_Snow/upper_colorado/experiments/simulations/MSWX_3h_Snow_Project3_pp_upper_colorado_1yr_100hru_100bh_bug_checking/postprocess/dem': Directory not empty
ln: failed to create symbolic link '/scratch/alpine/battobrah@xsede.org/Rice_NMT_Snow/upper_colorado/experiments/simulations/MSWX_3h_Snow_Project3_pp_upper_colorado_1yr_100hru_100bh_bug_checking/postprocess/hand/487.tif': No such file or directory
ln: failed to create symbolic link '/scratch/alpine/battobrah@xsede.org/Rice_NMT_Snow/upper_colorado/experiments/simulations/MSWX_3h_Snow_Project3_pp_upper_colorado_1yr_100hru_100bh_bug_checking/postprocess/hand/812.tif': No such file or directory
ln: failed to create symbolic link '/scratch/alpine/battobrah@xsede.org/Rice_NMT_Snow/upper_colorado/experiments/simulations/MSWX_3h_Snow_Project3_pp_upper_colorado_1yr_100hru_100bh_bug_checking/postprocess/basins/487.tif': No such file or directory
ln: failed to create symbolic link '/scratch/alpine/battobrah@xsede.org/Rice_NMT_Snow/upper_colorado/experiments/simulations/MSWX_3h_Snow_Project3_pp_upper_colorado_1yr_100hru_100bh_bug_checking/postprocess/basins/812.tif': No such file or directory
ln: failed to create symbolic link '/scratch/alpine/battobrah@xsede.org/Rice_NMT_Snow/upper_colorado/experiments/simulations/MSWX_3h_Snow_Project3_pp_upper_colorado_1yr_100hru_100bh_bug_checking/postprocess/hand/649.tif': No such file or directory
ln: failed to create symbolic link '/scratch/alpine/battobrah@xsede.org/Rice_NMT_Snow/upper_colorado/experiments/simulations/MSWX_3h_Snow_Project3_pp_upper_colorado_1yr_100hru_100bh_bug_checking/postprocess/basin_clusters/812.tif': No such file or directory
ln: failed to create symbolic link '/scratch/alpine/battobrah@xsede.org/Rice_NMT_Snow/upper_colorado/experiments/simulations/MSWX_3h_Snow_Project3_pp_upper_colorado_1yr_100hru_100bh_bug_checking/postprocess/basin_clusters/487.tif': No such file or directory
ln: failed to create symbolic link '/scratch/alpine/battobrah@xsede.org/Rice_NMT_Snow/upper_colorado/experiments/simulations/MSWX_3h_Snow_Project3_pp_upper_colorado_1yr_100hru_100bh_bug_checking/postprocess/basins/649.tif': No such file or directory
ln: failed to create symbolic link '/scratch/alpine/battobrah@xsede.org/Rice_NMT_Snow/upper_colorado/experiments/simulations/MSWX_3h_Snow_Project3_pp_upper_colorado_1yr_100hru_100bh_bug_checking/postprocess/basin_clusters/649.tif': No such file or directory
ln: failed to create symbolic link '/scratch/alpine/battobrah@xsede.org/Rice_NMT_Snow/upper_colorado/experiments/simulations/MSWX_3h_Snow_Project3_pp_upper_colorado_1yr_100hru_100bh_bug_checking/postprocess/hand/814.tif': No such file or directory
ln: failed to create symbolic link '/scratch/alpine/battobrah@xsede.org/Rice_NMT_Snow/upper_colorado/experiments/simulations/MSWX_3h_Snow_Project3_pp_upper_colorado_1yr_100hru_100bh_bug_checking/postprocess/basins/814.tif': No such file or directory
ln: failed to create symbolic link '/scratch/alpine/battobrah@xsede.org/Rice_NMT_Snow/upper_colorado/experiments/simulations/MSWX_3h_Snow_Project3_pp_upper_colorado_1yr_100hru_100bh_bug_checking/postprocess/basin_clusters/814.tif': No such file or directory
rm: cannot remove '/scratch/alpine/battobrah@xsede.org/Rice_NMT_Snow/upper_colorado/experiments/simulations/MSWX_3h_Snow_Project3_pp_upper_colorado_1yr_100hru_100bh_bug_checking/postprocess/dem': Directory not empty
rm: cannot remove '/scratch/alpine/battobrah@xsede.org/Rice_NMT_Snow/upper_colorado/experiments/simulations/MSWX_3h_Snow_Project3_pp_upper_colorado_1yr_100hru_100bh_bug_checking/postprocess/dem': Directory not empty
ln: failed to create symbolic link '/scratch/alpine/battobrah@xsede.org/Rice_NMT_Snow/upper_colorado/experiments/simulations/MSWX_3h_Snow_Project3_pp_upper_colorado_1yr_100hru_100bh_bug_checking/postprocess/hand/818.tif': No such file or directory
ln: failed to create symbolic link '/scratch/alpine/battobrah@xsede.org/Rice_NMT_Snow/upper_colorado/experiments/simulations/MSWX_3h_Snow_Project3_pp_upper_colorado_1yr_100hru_100bh_bug_checking/postprocess/hand/641.tif': No such file or directory
ln: failed to create symbolic link '/scratch/alpine/battobrah@xsede.org/Rice_NMT_Snow/upper_colorado/experiments/simulations/MSWX_3h_Snow_Project3_pp_upper_colorado_1yr_100hru_100bh_bug_checking/postprocess/hand/971.tif': No such file or directory
ln: failed to create symbolic link '/scratch/alpine/battobrah@xsede.org/Rice_NMT_Snow/upper_colorado/experiments/simulations/MSWX_3h_Snow_Project3_pp_upper_colorado_1yr_100hru_100bh_bug_checking/postprocess/hand/646.tif': No such file or directory
rm: cannot remove '/scratch/alpine/battobrah@xsede.org/Rice_NMT_Snow/upper_colorado/experiments/simulations/MSWX_3h_Snow_Project3_pp_upper_colorado_1yr_100hru_100bh_bug_checking/postprocess/cids_org': Directory not empty
rm: cannot remove '/scratch/alpine/battobrah@xsede.org/Rice_NMT_Snow/upper_colorado/experiments/simulations/MSWX_3h_Snow_Project3_pp_upper_colorado_1yr_100hru_100bh_bug_checking/postprocess/cids_org': Directory not empty
ln: failed to create symbolic link '/scratch/alpine/battobrah@xsede.org/Rice_NMT_Snow/upper_colorado/experiments/simulations/MSWX_3h_Snow_Project3_pp_upper_colorado_1yr_100hru_100bh_bug_checking/postprocess/basins/641.tif': No such file or directory
ln: failed to create symbolic link '/scratch/alpine/battobrah@xsede.org/Rice_NMT_Snow/upper_colorado/experiments/simulations/MSWX_3h_Snow_Project3_pp_upper_colorado_1yr_100hru_100bh_bug_checking/postprocess/basins/971.tif': No such file or directory
ln: failed to create symbolic link '/scratch/alpine/battobrah@xsede.org/Rice_NMT_Snow/upper_colorado/experiments/simulations/MSWX_3h_Snow_Project3_pp_upper_colorado_1yr_100hru_100bh_bug_checking/postprocess/basins/646.tif': No such file or directory
ln: failed to create symbolic link '/scratch/alpine/battobrah@xsede.org/Rice_NMT_Snow/upper_colorado/experiments/simulations/MSWX_3h_Snow_Project3_pp_upper_colorado_1yr_100hru_100bh_bug_checking/postprocess/hand/817.tif': No such file or directory
ln: failed to create symbolic link '/scratch/alpine/battobrah@xsede.org/Rice_NMT_Snow/upper_colorado/experiments/simulations/MSWX_3h_Snow_Project3_pp_upper_colorado_1yr_100hru_100bh_bug_checking/postprocess/basins/818.tif': No such file or directory
ln: failed to create symbolic link '/scratch/alpine/battobrah@xsede.org/Rice_NMT_Snow/upper_colorado/experiments/simulations/MSWX_3h_Snow_Project3_pp_upper_colorado_1yr_100hru_100bh_bug_checking/postprocess/basin_clusters/641.tif': No such file or directory
ln: failed to create symbolic link '/scratch/alpine/battobrah@xsede.org/Rice_NMT_Snow/upper_colorado/experiments/simulations/MSWX_3h_Snow_Project3_pp_upper_colorado_1yr_100hru_100bh_bug_checking/postprocess/basin_clusters/646.tif': No such file or directory
ln: failed to create symbolic link '/scratch/alpine/battobrah@xsede.org/Rice_NMT_Snow/upper_colorado/experiments/simulations/MSWX_3h_Snow_Project3_pp_upper_colorado_1yr_100hru_100bh_bug_checking/postprocess/basin_clusters/971.tif': No such file or directory
ln: failed to create symbolic link '/scratch/alpine/battobrah@xsede.org/Rice_NMT_Snow/upper_colorado/experiments/simulations/MSWX_3h_Snow_Project3_pp_upper_colorado_1yr_100hru_100bh_bug_checking/postprocess/basins/817.tif': No such file or directory
ln: failed to create symbolic link '/scratch/alpine/battobrah@xsede.org/Rice_NMT_Snow/upper_colorado/experiments/simulations/MSWX_3h_Snow_Project3_pp_upper_colorado_1yr_100hru_100bh_bug_checking/postprocess/basin_clusters/818.tif': No such file or directory
ln: failed to create symbolic link '/scratch/alpine/battobrah@xsede.org/Rice_NMT_Snow/upper_colorado/experiments/simulations/MSWX_3h_Snow_Project3_pp_upper_colorado_1yr_100hru_100bh_bug_checking/postprocess/basin_clusters/817.tif': No such file or directory
ln: failed to create symbolic link '/scratch/alpine/battobrah@xsede.org/Rice_NMT_Snow/upper_colorado/experiments/simulations/MSWX_3h_Snow_Project3_pp_upper_colorado_1yr_100hru_100bh_bug_checking/postprocess/hand/644.tif': No such file or directory
ln: failed to create symbolic link '/scratch/alpine/battobrah@xsede.org/Rice_NMT_Snow/upper_colorado/experiments/simulations/MSWX_3h_Snow_Project3_pp_upper_colorado_1yr_100hru_100bh_bug_checking/postprocess/basins/644.tif': No such file or directory
ln: failed to create symbolic link '/scratch/alpine/battobrah@xsede.org/Rice_NMT_Snow/upper_colorado/experiments/simulations/MSWX_3h_Snow_Project3_pp_upper_colorado_1yr_100hru_100bh_bug_checking/postprocess/basin_clusters/644.tif': No such file or directory
ln: failed to create symbolic link '/scratch/alpine/battobrah@xsede.org/Rice_NMT_Snow/upper_colorado/experiments/simulations/MSWX_3h_Snow_Project3_pp_upper_colorado_1yr_100hru_100bh_bug_checking/postprocess/hand/642.tif': No such file or directory
ln: failed to create symbolic link '/scratch/alpine/battobrah@xsede.org/Rice_NMT_Snow/upper_colorado/experiments/simulations/MSWX_3h_Snow_Project3_pp_upper_colorado_1yr_100hru_100bh_bug_checking/postprocess/basins/642.tif': No such file or directory
ln: failed to create symbolic link '/scratch/alpine/battobrah@xsede.org/Rice_NMT_Snow/upper_colorado/experiments/simulations/MSWX_3h_Snow_Project3_pp_upper_colorado_1yr_100hru_100bh_bug_checking/postprocess/basin_clusters/642.tif': No such file or directory
ln: failed to create symbolic link '/scratch/alpine/battobrah@xsede.org/Rice_NMT_Snow/upper_colorado/experiments/simulations/MSWX_3h_Snow_Project3_pp_upper_colorado_1yr_100hru_100bh_bug_checking/postprocess/hand/803.tif': No such file or directory
ln: failed to create symbolic link '/scratch/alpine/battobrah@xsede.org/Rice_NMT_Snow/upper_colorado/experiments/simulations/MSWX_3h_Snow_Project3_pp_upper_colorado_1yr_100hru_100bh_bug_checking/postprocess/basins/803.tif': No such file or directory
ln: failed to create symbolic link '/scratch/alpine/battobrah@xsede.org/Rice_NMT_Snow/upper_colorado/experiments/simulations/MSWX_3h_Snow_Project3_pp_upper_colorado_1yr_100hru_100bh_bug_checking/postprocess/basin_clusters/803.tif': No such file or directory
ln: failed to create symbolic link '/scratch/alpine/battobrah@xsede.org/Rice_NMT_Snow/upper_colorado/experiments/simulations/MSWX_3h_Snow_Project3_pp_upper_colorado_1yr_100hru_100bh_bug_checking/postprocess/hand/496.tif': No such file or directory
ln: failed to create symbolic link '/scratch/alpine/battobrah@xsede.org/Rice_NMT_Snow/upper_colorado/experiments/simulations/MSWX_3h_Snow_Project3_pp_upper_colorado_1yr_100hru_100bh_bug_checking/postprocess/basins/496.tif': No such file or directory
ln: failed to create symbolic link '/scratch/alpine/battobrah@xsede.org/Rice_NMT_Snow/upper_colorado/experiments/simulations/MSWX_3h_Snow_Project3_pp_upper_colorado_1yr_100hru_100bh_bug_checking/postprocess/basin_clusters/496.tif': No such file or directory
ln: failed to create symbolic link '/scratch/alpine/battobrah@xsede.org/Rice_NMT_Snow/upper_colorado/experiments/simulations/MSWX_3h_Snow_Project3_pp_upper_colorado_1yr_100hru_100bh_bug_checking/postprocess/hand/813.tif': No such file or directory
ln: failed to create symbolic link '/scratch/alpine/battobrah@xsede.org/Rice_NMT_Snow/upper_colorado/experiments/simulations/MSWX_3h_Snow_Project3_pp_upper_colorado_1yr_100hru_100bh_bug_checking/postprocess/basins/813.tif': No such file or directory
ln: failed to create symbolic link '/scratch/alpine/battobrah@xsede.org/Rice_NMT_Snow/upper_colorado/experiments/simulations/MSWX_3h_Snow_Project3_pp_upper_colorado_1yr_100hru_100bh_bug_checking/postprocess/basin_clusters/813.tif': No such file or directory
ln: failed to create symbolic link '/scratch/alpine/battobrah@xsede.org/Rice_NMT_Snow/upper_colorado/experiments/simulations/MSWX_3h_Snow_Project3_pp_upper_colorado_1yr_100hru_100bh_bug_checking/postprocess/hand/650.tif': No such file or directory
ln: failed to create symbolic link '/scratch/alpine/battobrah@xsede.org/Rice_NMT_Snow/upper_colorado/experiments/simulations/MSWX_3h_Snow_Project3_pp_upper_colorado_1yr_100hru_100bh_bug_checking/postprocess/basins/650.tif': No such file or directory
ln: failed to create symbolic link '/scratch/alpine/battobrah@xsede.org/Rice_NMT_Snow/upper_colorado/experiments/simulations/MSWX_3h_Snow_Project3_pp_upper_colorado_1yr_100hru_100bh_bug_checking/postprocess/basin_clusters/650.tif': No such file or directory
ln: failed to create symbolic link '/scratch/alpine/battobrah@xsede.org/Rice_NMT_Snow/upper_colorado/experiments/simulations/MSWX_3h_Snow_Project3_pp_upper_colorado_1yr_100hru_100bh_bug_checking/postprocess/hand/819.tif': No such file or directory
ln: failed to create symbolic link '/scratch/alpine/battobrah@xsede.org/Rice_NMT_Snow/upper_colorado/experiments/simulations/MSWX_3h_Snow_Project3_pp_upper_colorado_1yr_100hru_100bh_bug_checking/postprocess/basins/819.tif': No such file or directory
ln: failed to create symbolic link '/scratch/alpine/battobrah@xsede.org/Rice_NMT_Snow/upper_colorado/experiments/simulations/MSWX_3h_Snow_Project3_pp_upper_colorado_1yr_100hru_100bh_bug_checking/postprocess/basin_clusters/819.tif': No such file or directory
ln: failed to create symbolic link '/scratch/alpine/battobrah@xsede.org/Rice_NMT_Snow/upper_colorado/experiments/simulations/MSWX_3h_Snow_Project3_pp_upper_colorado_1yr_100hru_100bh_bug_checking/postprocess/hand/820.tif': No such file or directory
ln: failed to create symbolic link '/scratch/alpine/battobrah@xsede.org/Rice_NMT_Snow/upper_colorado/experiments/simulations/MSWX_3h_Snow_Project3_pp_upper_colorado_1yr_100hru_100bh_bug_checking/postprocess/basins/820.tif': No such file or directory
ln: failed to create symbolic link '/scratch/alpine/battobrah@xsede.org/Rice_NMT_Snow/upper_colorado/experiments/simulations/MSWX_3h_Snow_Project3_pp_upper_colorado_1yr_100hru_100bh_bug_checking/postprocess/basin_clusters/820.tif': No such file or directory
ln: failed to create symbolic link '/scratch/alpine/battobrah@xsede.org/Rice_NMT_Snow/upper_colorado/experiments/simulations/MSWX_3h_Snow_Project3_pp_upper_colorado_1yr_100hru_100bh_bug_checking/postprocess/hand/809.tif': No such file or directory
ln: failed to create symbolic link '/scratch/alpine/battobrah@xsede.org/Rice_NMT_Snow/upper_colorado/experiments/simulations/MSWX_3h_Snow_Project3_pp_upper_colorado_1yr_100hru_100bh_bug_checking/postprocess/basins/809.tif': No such file or directory
ln: failed to create symbolic link '/scratch/alpine/battobrah@xsede.org/Rice_NMT_Snow/upper_colorado/experiments/simulations/MSWX_3h_Snow_Project3_pp_upper_colorado_1yr_100hru_100bh_bug_checking/postprocess/basin_clusters/809.tif': No such file or directory
ln: failed to create symbolic link '/scratch/alpine/battobrah@xsede.org/Rice_NMT_Snow/upper_colorado/experiments/simulations/MSWX_3h_Snow_Project3_pp_upper_colorado_1yr_100hru_100bh_bug_checking/postprocess/hand/655.tif': No such file or directory
ln: failed to create symbolic link '/scratch/alpine/battobrah@xsede.org/Rice_NMT_Snow/upper_colorado/experiments/simulations/MSWX_3h_Snow_Project3_pp_upper_colorado_1yr_100hru_100bh_bug_checking/postprocess/basins/655.tif': No such file or directory
ln: failed to create symbolic link '/scratch/alpine/battobrah@xsede.org/Rice_NMT_Snow/upper_colorado/experiments/simulations/MSWX_3h_Snow_Project3_pp_upper_colorado_1yr_100hru_100bh_bug_checking/postprocess/basin_clusters/655.tif': No such file or directory
ln: failed to create symbolic link '/scratch/alpine/battobrah@xsede.org/Rice_NMT_Snow/upper_colorado/experiments/simulations/MSWX_3h_Snow_Project3_pp_upper_colorado_1yr_100hru_100bh_bug_checking/postprocess/hand/804.tif': No such file or directory
ln: failed to create symbolic link '/scratch/alpine/battobrah@xsede.org/Rice_NMT_Snow/upper_colorado/experiments/simulations/MSWX_3h_Snow_Project3_pp_upper_colorado_1yr_100hru_100bh_bug_checking/postprocess/basins/804.tif': No such file or directory
ln: failed to create symbolic link '/scratch/alpine/battobrah@xsede.org/Rice_NMT_Snow/upper_colorado/experiments/simulations/MSWX_3h_Snow_Project3_pp_upper_colorado_1yr_100hru_100bh_bug_checking/postprocess/basin_clusters/804.tif': No such file or directory
ln: failed to create symbolic link '/scratch/alpine/battobrah@xsede.org/Rice_NMT_Snow/upper_colorado/experiments/simulations/MSWX_3h_Snow_Project3_pp_upper_colorado_1yr_100hru_100bh_bug_checking/postprocess/hand/977.tif': No such file or directory
ln: failed to create symbolic link '/scratch/alpine/battobrah@xsede.org/Rice_NMT_Snow/upper_colorado/experiments/simulations/MSWX_3h_Snow_Project3_pp_upper_colorado_1yr_100hru_100bh_bug_checking/postprocess/basins/977.tif': No such file or directory
ln: failed to create symbolic link '/scratch/alpine/battobrah@xsede.org/Rice_NMT_Snow/upper_colorado/experiments/simulations/MSWX_3h_Snow_Project3_pp_upper_colorado_1yr_100hru_100bh_bug_checking/postprocess/basin_clusters/977.tif': No such file or directory
ln: failed to create symbolic link '/scratch/alpine/battobrah@xsede.org/Rice_NMT_Snow/upper_colorado/experiments/simulations/MSWX_3h_Snow_Project3_pp_upper_colorado_1yr_100hru_100bh_bug_checking/postprocess/hand/974.tif': No such file or directory
ln: failed to create symbolic link '/scratch/alpine/battobrah@xsede.org/Rice_NMT_Snow/upper_colorado/experiments/simulations/MSWX_3h_Snow_Project3_pp_upper_colorado_1yr_100hru_100bh_bug_checking/postprocess/basins/974.tif': No such file or directory
ln: failed to create symbolic link '/scratch/alpine/battobrah@xsede.org/Rice_NMT_Snow/upper_colorado/experiments/simulations/MSWX_3h_Snow_Project3_pp_upper_colorado_1yr_100hru_100bh_bug_checking/postprocess/basin_clusters/974.tif': No such file or directory
ln: failed to create symbolic link '/scratch/alpine/battobrah@xsede.org/Rice_NMT_Snow/upper_colorado/experiments/simulations/MSWX_3h_Snow_Project3_pp_upper_colorado_1yr_100hru_100bh_bug_checking/postprocess/hand/645.tif': No such file or directory
ln: failed to create symbolic link '/scratch/alpine/battobrah@xsede.org/Rice_NMT_Snow/upper_colorado/experiments/simulations/MSWX_3h_Snow_Project3_pp_upper_colorado_1yr_100hru_100bh_bug_checking/postprocess/basins/645.tif': No such file or directory
ln: failed to create symbolic link '/scratch/alpine/battobrah@xsede.org/Rice_NMT_Snow/upper_colorado/experiments/simulations/MSWX_3h_Snow_Project3_pp_upper_colorado_1yr_100hru_100bh_bug_checking/postprocess/basin_clusters/645.tif': No such file or directory
ln: failed to create symbolic link '/scratch/alpine/battobrah@xsede.org/Rice_NMT_Snow/upper_colorado/experiments/simulations/MSWX_3h_Snow_Project3_pp_upper_colorado_1yr_100hru_100bh_bug_checking/postprocess/hand/978.tif': No such file or directory
ln: failed to create symbolic link '/scratch/alpine/battobrah@xsede.org/Rice_NMT_Snow/upper_colorado/experiments/simulations/MSWX_3h_Snow_Project3_pp_upper_colorado_1yr_100hru_100bh_bug_checking/postprocess/basins/978.tif': No such file or directory
ln: failed to create symbolic link '/scratch/alpine/battobrah@xsede.org/Rice_NMT_Snow/upper_colorado/experiments/simulations/MSWX_3h_Snow_Project3_pp_upper_colorado_1yr_100hru_100bh_bug_checking/postprocess/basin_clusters/978.tif': No such file or directory
ln: failed to create symbolic link '/scratch/alpine/battobrah@xsede.org/Rice_NMT_Snow/upper_colorado/experiments/simulations/MSWX_3h_Snow_Project3_pp_upper_colorado_1yr_100hru_100bh_bug_checking/postprocess/hand/810.tif': No such file or directory
ln: failed to create symbolic link '/scratch/alpine/battobrah@xsede.org/Rice_NMT_Snow/upper_colorado/experiments/simulations/MSWX_3h_Snow_Project3_pp_upper_colorado_1yr_100hru_100bh_bug_checking/postprocess/basins/810.tif': No such file or directory
ln: failed to create symbolic link '/scratch/alpine/battobrah@xsede.org/Rice_NMT_Snow/upper_colorado/experiments/simulations/MSWX_3h_Snow_Project3_pp_upper_colorado_1yr_100hru_100bh_bug_checking/postprocess/basin_clusters/810.tif': No such file or directory
ln: failed to create symbolic link '/scratch/alpine/battobrah@xsede.org/Rice_NMT_Snow/upper_colorado/experiments/simulations/MSWX_3h_Snow_Project3_pp_upper_colorado_1yr_100hru_100bh_bug_checking/postprocess/hand/979.tif': No such file or directory
ln: failed to create symbolic link '/scratch/alpine/battobrah@xsede.org/Rice_NMT_Snow/upper_colorado/experiments/simulations/MSWX_3h_Snow_Project3_pp_upper_colorado_1yr_100hru_100bh_bug_checking/postprocess/basins/979.tif': No such file or directory
ln: failed to create symbolic link '/scratch/alpine/battobrah@xsede.org/Rice_NMT_Snow/upper_colorado/experiments/simulations/MSWX_3h_Snow_Project3_pp_upper_colorado_1yr_100hru_100bh_bug_checking/postprocess/basin_clusters/979.tif': No such file or directory
ln: failed to create symbolic link '/scratch/alpine/battobrah@xsede.org/Rice_NMT_Snow/upper_colorado/experiments/simulations/MSWX_3h_Snow_Project3_pp_upper_colorado_1yr_100hru_100bh_bug_checking/postprocess/hand/973.tif': No such file or directory
ln: failed to create symbolic link '/scratch/alpine/battobrah@xsede.org/Rice_NMT_Snow/upper_colorado/experiments/simulations/MSWX_3h_Snow_Project3_pp_upper_colorado_1yr_100hru_100bh_bug_checking/postprocess/hand/656.tif': No such file or directory
ln: failed to create symbolic link '/scratch/alpine/battobrah@xsede.org/Rice_NMT_Snow/upper_colorado/experiments/simulations/MSWX_3h_Snow_Project3_pp_upper_colorado_1yr_100hru_100bh_bug_checking/postprocess/hand/980.tif': No such file or directory
ln: failed to create symbolic link '/scratch/alpine/battobrah@xsede.org/Rice_NMT_Snow/upper_colorado/experiments/simulations/MSWX_3h_Snow_Project3_pp_upper_colorado_1yr_100hru_100bh_bug_checking/postprocess/basins/973.tif': No such file or directory
ln: failed to create symbolic link '/scratch/alpine/battobrah@xsede.org/Rice_NMT_Snow/upper_colorado/experiments/simulations/MSWX_3h_Snow_Project3_pp_upper_colorado_1yr_100hru_100bh_bug_checking/postprocess/basins/656.tif': No such file or directory
ln: failed to create symbolic link '/scratch/alpine/battobrah@xsede.org/Rice_NMT_Snow/upper_colorado/experiments/simulations/MSWX_3h_Snow_Project3_pp_upper_colorado_1yr_100hru_100bh_bug_checking/postprocess/basins/980.tif': No such file or directory
ln: failed to create symbolic link '/scratch/alpine/battobrah@xsede.org/Rice_NMT_Snow/upper_colorado/experiments/simulations/MSWX_3h_Snow_Project3_pp_upper_colorado_1yr_100hru_100bh_bug_checking/postprocess/basin_clusters/973.tif': No such file or directory
ln: failed to create symbolic link '/scratch/alpine/battobrah@xsede.org/Rice_NMT_Snow/upper_colorado/experiments/simulations/MSWX_3h_Snow_Project3_pp_upper_colorado_1yr_100hru_100bh_bug_checking/postprocess/basin_clusters/656.tif': No such file or directory
ln: failed to create symbolic link '/scratch/alpine/battobrah@xsede.org/Rice_NMT_Snow/upper_colorado/experiments/simulations/MSWX_3h_Snow_Project3_pp_upper_colorado_1yr_100hru_100bh_bug_checking/postprocess/basin_clusters/980.tif': No such file or directory
ln: failed to create symbolic link '/scratch/alpine/battobrah@xsede.org/Rice_NMT_Snow/upper_colorado/experiments/simulations/MSWX_3h_Snow_Project3_pp_upper_colorado_1yr_100hru_100bh_bug_checking/postprocess/hand/963.tif': No such file or directory
ln: failed to create symbolic link '/scratch/alpine/battobrah@xsede.org/Rice_NMT_Snow/upper_colorado/experiments/simulations/MSWX_3h_Snow_Project3_pp_upper_colorado_1yr_100hru_100bh_bug_checking/postprocess/basins/963.tif': No such file or directory
ln: failed to create symbolic link '/scratch/alpine/battobrah@xsede.org/Rice_NMT_Snow/upper_colorado/experiments/simulations/MSWX_3h_Snow_Project3_pp_upper_colorado_1yr_100hru_100bh_bug_checking/postprocess/basin_clusters/963.tif': No such file or directory
ln: failed to create symbolic link '/scratch/alpine/battobrah@xsede.org/Rice_NMT_Snow/upper_colorado/experiments/simulations/MSWX_3h_Snow_Project3_pp_upper_colorado_1yr_100hru_100bh_bug_checking/postprocess/hand/1137.tif': No such file or directory
ln: failed to create symbolic link '/scratch/alpine/battobrah@xsede.org/Rice_NMT_Snow/upper_colorado/experiments/simulations/MSWX_3h_Snow_Project3_pp_upper_colorado_1yr_100hru_100bh_bug_checking/postprocess/basins/1137.tif': No such file or directory
ln: failed to create symbolic link '/scratch/alpine/battobrah@xsede.org/Rice_NMT_Snow/upper_colorado/experiments/simulations/MSWX_3h_Snow_Project3_pp_upper_colorado_1yr_100hru_100bh_bug_checking/postprocess/basin_clusters/1137.tif': No such file or directory
ln: failed to create symbolic link '/scratch/alpine/battobrah@xsede.org/Rice_NMT_Snow/upper_colorado/experiments/simulations/MSWX_3h_Snow_Project3_pp_upper_colorado_1yr_100hru_100bh_bug_checking/postprocess/hand/805.tif': No such file or directory
ln: failed to create symbolic link '/scratch/alpine/battobrah@xsede.org/Rice_NMT_Snow/upper_colorado/experiments/simulations/MSWX_3h_Snow_Project3_pp_upper_colorado_1yr_100hru_100bh_bug_checking/postprocess/basins/805.tif': No such file or directory
ln: failed to create symbolic link '/scratch/alpine/battobrah@xsede.org/Rice_NMT_Snow/upper_colorado/experiments/simulations/MSWX_3h_Snow_Project3_pp_upper_colorado_1yr_100hru_100bh_bug_checking/postprocess/basin_clusters/805.tif': No such file or directory
ln: failed to create symbolic link '/scratch/alpine/battobrah@xsede.org/Rice_NMT_Snow/upper_colorado/experiments/simulations/MSWX_3h_Snow_Project3_pp_upper_colorado_1yr_100hru_100bh_bug_checking/postprocess/hand/1134.tif': No such file or directory
ln: failed to create symbolic link '/scratch/alpine/battobrah@xsede.org/Rice_NMT_Snow/upper_colorado/experiments/simulations/MSWX_3h_Snow_Project3_pp_upper_colorado_1yr_100hru_100bh_bug_checking/postprocess/basins/1134.tif': No such file or directory
ln: failed to create symbolic link '/scratch/alpine/battobrah@xsede.org/Rice_NMT_Snow/upper_colorado/experiments/simulations/MSWX_3h_Snow_Project3_pp_upper_colorado_1yr_100hru_100bh_bug_checking/postprocess/basin_clusters/1134.tif': No such file or directory
rm: cannot remove '/scratch/alpine/battobrah@xsede.org/Rice_NMT_Snow/upper_colorado/experiments/simulations/MSWX_3h_Snow_Project3_pp_upper_colorado_1yr_100hru_100bh_bug_checking/postprocess/dem': Directory not empty
ln: failed to create symbolic link '/scratch/alpine/battobrah@xsede.org/Rice_NMT_Snow/upper_colorado/experiments/simulations/MSWX_3h_Snow_Project3_pp_upper_colorado_1yr_100hru_100bh_bug_checking/postprocess/hand/806.tif': No such file or directory
ln: failed to create symbolic link '/scratch/alpine/battobrah@xsede.org/Rice_NMT_Snow/upper_colorado/experiments/simulations/MSWX_3h_Snow_Project3_pp_upper_colorado_1yr_100hru_100bh_bug_checking/postprocess/basins/806.tif': No such file or directory
ln: failed to create symbolic link '/scratch/alpine/battobrah@xsede.org/Rice_NMT_Snow/upper_colorado/experiments/simulations/MSWX_3h_Snow_Project3_pp_upper_colorado_1yr_100hru_100bh_bug_checking/postprocess/hand/1139.tif': No such file or directory
ln: failed to create symbolic link '/scratch/alpine/battobrah@xsede.org/Rice_NMT_Snow/upper_colorado/experiments/simulations/MSWX_3h_Snow_Project3_pp_upper_colorado_1yr_100hru_100bh_bug_checking/postprocess/basins/1139.tif': No such file or directory
ln: failed to create symbolic link '/scratch/alpine/battobrah@xsede.org/Rice_NMT_Snow/upper_colorado/experiments/simulations/MSWX_3h_Snow_Project3_pp_upper_colorado_1yr_100hru_100bh_bug_checking/postprocess/basin_clusters/806.tif': No such file or directory
ln: failed to create symbolic link '/scratch/alpine/battobrah@xsede.org/Rice_NMT_Snow/upper_colorado/experiments/simulations/MSWX_3h_Snow_Project3_pp_upper_colorado_1yr_100hru_100bh_bug_checking/postprocess/basin_clusters/1139.tif': No such file or directory
ln: failed to create symbolic link '/scratch/alpine/battobrah@xsede.org/Rice_NMT_Snow/upper_colorado/experiments/simulations/MSWX_3h_Snow_Project3_pp_upper_colorado_1yr_100hru_100bh_bug_checking/postprocess/hand/1140.tif': No such file or directory
ln: failed to create symbolic link '/scratch/alpine/battobrah@xsede.org/Rice_NMT_Snow/upper_colorado/experiments/simulations/MSWX_3h_Snow_Project3_pp_upper_colorado_1yr_100hru_100bh_bug_checking/postprocess/hand/802.tif': No such file or directory
ln: failed to create symbolic link '/scratch/alpine/battobrah@xsede.org/Rice_NMT_Snow/upper_colorado/experiments/simulations/MSWX_3h_Snow_Project3_pp_upper_colorado_1yr_100hru_100bh_bug_checking/postprocess/basins/1140.tif': No such file or directory
ln: failed to create symbolic link '/scratch/alpine/battobrah@xsede.org/Rice_NMT_Snow/upper_colorado/experiments/simulations/MSWX_3h_Snow_Project3_pp_upper_colorado_1yr_100hru_100bh_bug_checking/postprocess/basins/802.tif': No such file or directory
ln: failed to create symbolic link '/scratch/alpine/battobrah@xsede.org/Rice_NMT_Snow/upper_colorado/experiments/simulations/MSWX_3h_Snow_Project3_pp_upper_colorado_1yr_100hru_100bh_bug_checking/postprocess/basin_clusters/1140.tif': No such file or directory
ln: failed to create symbolic link '/scratch/alpine/battobrah@xsede.org/Rice_NMT_Snow/upper_colorado/experiments/simulations/MSWX_3h_Snow_Project3_pp_upper_colorado_1yr_100hru_100bh_bug_checking/postprocess/basin_clusters/802.tif': No such file or directory
ln: failed to create symbolic link '/scratch/alpine/battobrah@xsede.org/Rice_NMT_Snow/upper_colorado/experiments/simulations/MSWX_3h_Snow_Project3_pp_upper_colorado_1yr_100hru_100bh_bug_checking/postprocess/hand/972.tif': No such file or directory
ln: failed to create symbolic link '/scratch/alpine/battobrah@xsede.org/Rice_NMT_Snow/upper_colorado/experiments/simulations/MSWX_3h_Snow_Project3_pp_upper_colorado_1yr_100hru_100bh_bug_checking/postprocess/basins/972.tif': No such file or directory
ln: failed to create symbolic link '/scratch/alpine/battobrah@xsede.org/Rice_NMT_Snow/upper_colorado/experiments/simulations/MSWX_3h_Snow_Project3_pp_upper_colorado_1yr_100hru_100bh_bug_checking/postprocess/basin_clusters/972.tif': No such file or directory
ln: failed to create symbolic link '/scratch/alpine/battobrah@xsede.org/Rice_NMT_Snow/upper_colorado/experiments/simulations/MSWX_3h_Snow_Project3_pp_upper_colorado_1yr_100hru_100bh_bug_checking/postprocess/hand/647.tif': No such file or directory
ln: failed to create symbolic link '/scratch/alpine/battobrah@xsede.org/Rice_NMT_Snow/upper_colorado/experiments/simulations/MSWX_3h_Snow_Project3_pp_upper_colorado_1yr_100hru_100bh_bug_checking/postprocess/basins/647.tif': No such file or directory
ln: failed to create symbolic link '/scratch/alpine/battobrah@xsede.org/Rice_NMT_Snow/upper_colorado/experiments/simulations/MSWX_3h_Snow_Project3_pp_upper_colorado_1yr_100hru_100bh_bug_checking/postprocess/basin_clusters/647.tif': No such file or directory
ln: failed to create symbolic link '/scratch/alpine/battobrah@xsede.org/Rice_NMT_Snow/upper_colorado/experiments/simulations/MSWX_3h_Snow_Project3_pp_upper_colorado_1yr_100hru_100bh_bug_checking/postprocess/hand/1138.tif': No such file or directory
ln: failed to create symbolic link '/scratch/alpine/battobrah@xsede.org/Rice_NMT_Snow/upper_colorado/experiments/simulations/MSWX_3h_Snow_Project3_pp_upper_colorado_1yr_100hru_100bh_bug_checking/postprocess/basins/1138.tif': No such file or directory
ln: failed to create symbolic link '/scratch/alpine/battobrah@xsede.org/Rice_NMT_Snow/upper_colorado/experiments/simulations/MSWX_3h_Snow_Project3_pp_upper_colorado_1yr_100hru_100bh_bug_checking/postprocess/basin_clusters/1138.tif': No such file or directory
ln: failed to create symbolic link '/scratch/alpine/battobrah@xsede.org/Rice_NMT_Snow/upper_colorado/experiments/simulations/MSWX_3h_Snow_Project3_pp_upper_colorado_1yr_100hru_100bh_bug_checking/postprocess/hand/801.tif': No such file or directory
ln: failed to create symbolic link '/scratch/alpine/battobrah@xsede.org/Rice_NMT_Snow/upper_colorado/experiments/simulations/MSWX_3h_Snow_Project3_pp_upper_colorado_1yr_100hru_100bh_bug_checking/postprocess/basins/801.tif': No such file or directory
ln: failed to create symbolic link '/scratch/alpine/battobrah@xsede.org/Rice_NMT_Snow/upper_colorado/experiments/simulations/MSWX_3h_Snow_Project3_pp_upper_colorado_1yr_100hru_100bh_bug_checking/postprocess/basin_clusters/801.tif': No such file or directory
ln: failed to create symbolic link '/scratch/alpine/battobrah@xsede.org/Rice_NMT_Snow/upper_colorado/experiments/simulations/MSWX_3h_Snow_Project3_pp_upper_colorado_1yr_100hru_100bh_bug_checking/postprocess/hand/1131.tif': No such file or directory
ln: failed to create symbolic link '/scratch/alpine/battobrah@xsede.org/Rice_NMT_Snow/upper_colorado/experiments/simulations/MSWX_3h_Snow_Project3_pp_upper_colorado_1yr_100hru_100bh_bug_checking/postprocess/basins/1131.tif': No such file or directory
ln: failed to create symbolic link '/scratch/alpine/battobrah@xsede.org/Rice_NMT_Snow/upper_colorado/experiments/simulations/MSWX_3h_Snow_Project3_pp_upper_colorado_1yr_100hru_100bh_bug_checking/postprocess/basin_clusters/1131.tif': No such file or directory
ln: failed to create symbolic link '/scratch/alpine/battobrah@xsede.org/Rice_NMT_Snow/upper_colorado/experiments/simulations/MSWX_3h_Snow_Project3_pp_upper_colorado_1yr_100hru_100bh_bug_checking/postprocess/hand/1123.tif': No such file or directory
ln: failed to create symbolic link '/scratch/alpine/battobrah@xsede.org/Rice_NMT_Snow/upper_colorado/experiments/simulations/MSWX_3h_Snow_Project3_pp_upper_colorado_1yr_100hru_100bh_bug_checking/postprocess/basins/1123.tif': No such file or directory
ln: failed to create symbolic link '/scratch/alpine/battobrah@xsede.org/Rice_NMT_Snow/upper_colorado/experiments/simulations/MSWX_3h_Snow_Project3_pp_upper_colorado_1yr_100hru_100bh_bug_checking/postprocess/basin_clusters/1123.tif': No such file or directory
ln: failed to create symbolic link '/scratch/alpine/battobrah@xsede.org/Rice_NMT_Snow/upper_colorado/experiments/simulations/MSWX_3h_Snow_Project3_pp_upper_colorado_1yr_100hru_100bh_bug_checking/postprocess/hand/1300.tif': No such file or directory
ln: failed to create symbolic link '/scratch/alpine/battobrah@xsede.org/Rice_NMT_Snow/upper_colorado/experiments/simulations/MSWX_3h_Snow_Project3_pp_upper_colorado_1yr_100hru_100bh_bug_checking/postprocess/basins/1300.tif': No such file or directory
ln: failed to create symbolic link '/scratch/alpine/battobrah@xsede.org/Rice_NMT_Snow/upper_colorado/experiments/simulations/MSWX_3h_Snow_Project3_pp_upper_colorado_1yr_100hru_100bh_bug_checking/postprocess/basin_clusters/1300.tif': No such file or directory
ln: failed to create symbolic link '/scratch/alpine/battobrah@xsede.org/Rice_NMT_Snow/upper_colorado/experiments/simulations/MSWX_3h_Snow_Project3_pp_upper_colorado_1yr_100hru_100bh_bug_checking/postprocess/hand/962.tif': No such file or directory
ln: failed to create symbolic link '/scratch/alpine/battobrah@xsede.org/Rice_NMT_Snow/upper_colorado/experiments/simulations/MSWX_3h_Snow_Project3_pp_upper_colorado_1yr_100hru_100bh_bug_checking/postprocess/basins/962.tif': No such file or directory
ln: failed to create symbolic link '/scratch/alpine/battobrah@xsede.org/Rice_NMT_Snow/upper_colorado/experiments/simulations/MSWX_3h_Snow_Project3_pp_upper_colorado_1yr_100hru_100bh_bug_checking/postprocess/basin_clusters/962.tif': No such file or directory
ln: failed to create symbolic link '/scratch/alpine/battobrah@xsede.org/Rice_NMT_Snow/upper_colorado/experiments/simulations/MSWX_3h_Snow_Project3_pp_upper_colorado_1yr_100hru_100bh_bug_checking/postprocess/hand/488.tif': No such file or directory
ln: failed to create symbolic link '/scratch/alpine/battobrah@xsede.org/Rice_NMT_Snow/upper_colorado/experiments/simulations/MSWX_3h_Snow_Project3_pp_upper_colorado_1yr_100hru_100bh_bug_checking/postprocess/basins/488.tif': No such file or directory
ln: failed to create symbolic link '/scratch/alpine/battobrah@xsede.org/Rice_NMT_Snow/upper_colorado/experiments/simulations/MSWX_3h_Snow_Project3_pp_upper_colorado_1yr_100hru_100bh_bug_checking/postprocess/basin_clusters/488.tif': No such file or directory
ln: failed to create symbolic link '/scratch/alpine/battobrah@xsede.org/Rice_NMT_Snow/upper_colorado/experiments/simulations/MSWX_3h_Snow_Project3_pp_upper_colorado_1yr_100hru_100bh_bug_checking/postprocess/hand/1294.tif': No such file or directory
ln: failed to create symbolic link '/scratch/alpine/battobrah@xsede.org/Rice_NMT_Snow/upper_colorado/experiments/simulations/MSWX_3h_Snow_Project3_pp_upper_colorado_1yr_100hru_100bh_bug_checking/postprocess/basins/1294.tif': No such file or directory
ln: failed to create symbolic link '/scratch/alpine/battobrah@xsede.org/Rice_NMT_Snow/upper_colorado/experiments/simulations/MSWX_3h_Snow_Project3_pp_upper_colorado_1yr_100hru_100bh_bug_checking/postprocess/basin_clusters/1294.tif': No such file or directory
ln: failed to create symbolic link '/scratch/alpine/battobrah@xsede.org/Rice_NMT_Snow/upper_colorado/experiments/simulations/MSWX_3h_Snow_Project3_pp_upper_colorado_1yr_100hru_100bh_bug_checking/postprocess/hand/964.tif': No such file or directory
ln: failed to create symbolic link '/scratch/alpine/battobrah@xsede.org/Rice_NMT_Snow/upper_colorado/experiments/simulations/MSWX_3h_Snow_Project3_pp_upper_colorado_1yr_100hru_100bh_bug_checking/postprocess/basins/964.tif': No such file or directory
ln: failed to create symbolic link '/scratch/alpine/battobrah@xsede.org/Rice_NMT_Snow/upper_colorado/experiments/simulations/MSWX_3h_Snow_Project3_pp_upper_colorado_1yr_100hru_100bh_bug_checking/postprocess/basin_clusters/964.tif': No such file or directory
ln: failed to create symbolic link '/scratch/alpine/battobrah@xsede.org/Rice_NMT_Snow/upper_colorado/experiments/simulations/MSWX_3h_Snow_Project3_pp_upper_colorado_1yr_100hru_100bh_bug_checking/postprocess/hand/961.tif': No such file or directory
ln: failed to create symbolic link '/scratch/alpine/battobrah@xsede.org/Rice_NMT_Snow/upper_colorado/experiments/simulations/MSWX_3h_Snow_Project3_pp_upper_colorado_1yr_100hru_100bh_bug_checking/postprocess/basins/961.tif': No such file or directory
ln: failed to create symbolic link '/scratch/alpine/battobrah@xsede.org/Rice_NMT_Snow/upper_colorado/experiments/simulations/MSWX_3h_Snow_Project3_pp_upper_colorado_1yr_100hru_100bh_bug_checking/postprocess/basin_clusters/961.tif': No such file or directory
ln: failed to create symbolic link '/scratch/alpine/battobrah@xsede.org/Rice_NMT_Snow/upper_colorado/experiments/simulations/MSWX_3h_Snow_Project3_pp_upper_colorado_1yr_100hru_100bh_bug_checking/postprocess/hand/816.tif': No such file or directory
ln: failed to create symbolic link '/scratch/alpine/battobrah@xsede.org/Rice_NMT_Snow/upper_colorado/experiments/simulations/MSWX_3h_Snow_Project3_pp_upper_colorado_1yr_100hru_100bh_bug_checking/postprocess/basins/816.tif': No such file or directory
ln: failed to create symbolic link '/scratch/alpine/battobrah@xsede.org/Rice_NMT_Snow/upper_colorado/experiments/simulations/MSWX_3h_Snow_Project3_pp_upper_colorado_1yr_100hru_100bh_bug_checking/postprocess/basin_clusters/816.tif': No such file or directory
ln: failed to create symbolic link '/scratch/alpine/battobrah@xsede.org/Rice_NMT_Snow/upper_colorado/experiments/simulations/MSWX_3h_Snow_Project3_pp_upper_colorado_1yr_100hru_100bh_bug_checking/postprocess/hand/966.tif': No such file or directory
ln: failed to create symbolic link '/scratch/alpine/battobrah@xsede.org/Rice_NMT_Snow/upper_colorado/experiments/simulations/MSWX_3h_Snow_Project3_pp_upper_colorado_1yr_100hru_100bh_bug_checking/postprocess/basins/966.tif': No such file or directory
ln: failed to create symbolic link '/scratch/alpine/battobrah@xsede.org/Rice_NMT_Snow/upper_colorado/experiments/simulations/MSWX_3h_Snow_Project3_pp_upper_colorado_1yr_100hru_100bh_bug_checking/postprocess/basin_clusters/966.tif': No such file or directory
ln: failed to create symbolic link '/scratch/alpine/battobrah@xsede.org/Rice_NMT_Snow/upper_colorado/experiments/simulations/MSWX_3h_Snow_Project3_pp_upper_colorado_1yr_100hru_100bh_bug_checking/postprocess/hand/815.tif': No such file or directory
ln: failed to create symbolic link '/scratch/alpine/battobrah@xsede.org/Rice_NMT_Snow/upper_colorado/experiments/simulations/MSWX_3h_Snow_Project3_pp_upper_colorado_1yr_100hru_100bh_bug_checking/postprocess/basins/815.tif': No such file or directory
ln: failed to create symbolic link '/scratch/alpine/battobrah@xsede.org/Rice_NMT_Snow/upper_colorado/experiments/simulations/MSWX_3h_Snow_Project3_pp_upper_colorado_1yr_100hru_100bh_bug_checking/postprocess/basin_clusters/815.tif': No such file or directory
ln: failed to create symbolic link '/scratch/alpine/battobrah@xsede.org/Rice_NMT_Snow/upper_colorado/experiments/simulations/MSWX_3h_Snow_Project3_pp_upper_colorado_1yr_100hru_100bh_bug_checking/postprocess/hand/1297.tif': No such file or directory
ln: failed to create symbolic link '/scratch/alpine/battobrah@xsede.org/Rice_NMT_Snow/upper_colorado/experiments/simulations/MSWX_3h_Snow_Project3_pp_upper_colorado_1yr_100hru_100bh_bug_checking/postprocess/basins/1297.tif': No such file or directory
ln: failed to create symbolic link '/scratch/alpine/battobrah@xsede.org/Rice_NMT_Snow/upper_colorado/experiments/simulations/MSWX_3h_Snow_Project3_pp_upper_colorado_1yr_100hru_100bh_bug_checking/postprocess/basin_clusters/1297.tif': No such file or directory
ln: failed to create symbolic link '/scratch/alpine/battobrah@xsede.org/Rice_NMT_Snow/upper_colorado/experiments/simulations/MSWX_3h_Snow_Project3_pp_upper_colorado_1yr_100hru_100bh_bug_checking/postprocess/hand/1132.tif': No such file or directory
ln: failed to create symbolic link '/scratch/alpine/battobrah@xsede.org/Rice_NMT_Snow/upper_colorado/experiments/simulations/MSWX_3h_Snow_Project3_pp_upper_colorado_1yr_100hru_100bh_bug_checking/postprocess/basins/1132.tif': No such file or directory
ln: failed to create symbolic link '/scratch/alpine/battobrah@xsede.org/Rice_NMT_Snow/upper_colorado/experiments/simulations/MSWX_3h_Snow_Project3_pp_upper_colorado_1yr_100hru_100bh_bug_checking/postprocess/basin_clusters/1132.tif': No such file or directory
ln: failed to create symbolic link '/scratch/alpine/battobrah@xsede.org/Rice_NMT_Snow/upper_colorado/experiments/simulations/MSWX_3h_Snow_Project3_pp_upper_colorado_1yr_100hru_100bh_bug_checking/postprocess/hand/970.tif': No such file or directory
ln: failed to create symbolic link '/scratch/alpine/battobrah@xsede.org/Rice_NMT_Snow/upper_colorado/experiments/simulations/MSWX_3h_Snow_Project3_pp_upper_colorado_1yr_100hru_100bh_bug_checking/postprocess/basins/970.tif': No such file or directory
ln: failed to create symbolic link '/scratch/alpine/battobrah@xsede.org/Rice_NMT_Snow/upper_colorado/experiments/simulations/MSWX_3h_Snow_Project3_pp_upper_colorado_1yr_100hru_100bh_bug_checking/postprocess/basin_clusters/970.tif': No such file or directory
rm: cannot remove '/scratch/alpine/battobrah@xsede.org/Rice_NMT_Snow/upper_colorado/experiments/simulations/MSWX_3h_Snow_Project3_pp_upper_colorado_1yr_100hru_100bh_bug_checking/postprocess/dem': Directory not empty
ln: failed to create symbolic link '/scratch/alpine/battobrah@xsede.org/Rice_NMT_Snow/upper_colorado/experiments/simulations/MSWX_3h_Snow_Project3_pp_upper_colorado_1yr_100hru_100bh_bug_checking/postprocess/hand/1299.tif': No such file or directory
rm: cannot remove '/scratch/alpine/battobrah@xsede.org/Rice_NMT_Snow/upper_colorado/experiments/simulations/MSWX_3h_Snow_Project3_pp_upper_colorado_1yr_100hru_100bh_bug_checking/postprocess/hrus': Directory not empty
ln: failed to create symbolic link '/scratch/alpine/battobrah@xsede.org/Rice_NMT_Snow/upper_colorado/experiments/simulations/MSWX_3h_Snow_Project3_pp_upper_colorado_1yr_100hru_100bh_bug_checking/postprocess/basins/1299.tif': No such file or directory
ln: failed to create symbolic link '/scratch/alpine/battobrah@xsede.org/Rice_NMT_Snow/upper_colorado/experiments/simulations/MSWX_3h_Snow_Project3_pp_upper_colorado_1yr_100hru_100bh_bug_checking/postprocess/basin_clusters/1299.tif': No such file or directory
ln: failed to create symbolic link '/scratch/alpine/battobrah@xsede.org/Rice_NMT_Snow/upper_colorado/experiments/simulations/MSWX_3h_Snow_Project3_pp_upper_colorado_1yr_100hru_100bh_bug_checking/postprocess/hand/1291.tif': No such file or directory
ln: failed to create symbolic link '/scratch/alpine/battobrah@xsede.org/Rice_NMT_Snow/upper_colorado/experiments/simulations/MSWX_3h_Snow_Project3_pp_upper_colorado_1yr_100hru_100bh_bug_checking/postprocess/basins/1291.tif': No such file or directory
ln: failed to create symbolic link '/scratch/alpine/battobrah@xsede.org/Rice_NMT_Snow/upper_colorado/experiments/simulations/MSWX_3h_Snow_Project3_pp_upper_colorado_1yr_100hru_100bh_bug_checking/postprocess/basin_clusters/1291.tif': No such file or directory
ln: failed to create symbolic link '/scratch/alpine/battobrah@xsede.org/Rice_NMT_Snow/upper_colorado/experiments/simulations/MSWX_3h_Snow_Project3_pp_upper_colorado_1yr_100hru_100bh_bug_checking/postprocess/hand/969.tif': No such file or directory
ln: failed to create symbolic link '/scratch/alpine/battobrah@xsede.org/Rice_NMT_Snow/upper_colorado/experiments/simulations/MSWX_3h_Snow_Project3_pp_upper_colorado_1yr_100hru_100bh_bug_checking/postprocess/basins/969.tif': No such file or directory
ln: failed to create symbolic link '/scratch/alpine/battobrah@xsede.org/Rice_NMT_Snow/upper_colorado/experiments/simulations/MSWX_3h_Snow_Project3_pp_upper_colorado_1yr_100hru_100bh_bug_checking/postprocess/basin_clusters/969.tif': No such file or directory
ln: failed to create symbolic link '/scratch/alpine/battobrah@xsede.org/Rice_NMT_Snow/upper_colorado/experiments/simulations/MSWX_3h_Snow_Project3_pp_upper_colorado_1yr_100hru_100bh_bug_checking/postprocess/hand/1133.tif': No such file or directory
ln: failed to create symbolic link '/scratch/alpine/battobrah@xsede.org/Rice_NMT_Snow/upper_colorado/experiments/simulations/MSWX_3h_Snow_Project3_pp_upper_colorado_1yr_100hru_100bh_bug_checking/postprocess/basins/1133.tif': No such file or directory
ln: failed to create symbolic link '/scratch/alpine/battobrah@xsede.org/Rice_NMT_Snow/upper_colorado/experiments/simulations/MSWX_3h_Snow_Project3_pp_upper_colorado_1yr_100hru_100bh_bug_checking/postprocess/basin_clusters/1133.tif': No such file or directory
ln: failed to create symbolic link '/scratch/alpine/battobrah@xsede.org/Rice_NMT_Snow/upper_colorado/experiments/simulations/MSWX_3h_Snow_Project3_pp_upper_colorado_1yr_100hru_100bh_bug_checking/postprocess/hand/1298.tif': No such file or directory
ln: failed to create symbolic link '/scratch/alpine/battobrah@xsede.org/Rice_NMT_Snow/upper_colorado/experiments/simulations/MSWX_3h_Snow_Project3_pp_upper_colorado_1yr_100hru_100bh_bug_checking/postprocess/basins/1298.tif': No such file or directory
ln: failed to create symbolic link '/scratch/alpine/battobrah@xsede.org/Rice_NMT_Snow/upper_colorado/experiments/simulations/MSWX_3h_Snow_Project3_pp_upper_colorado_1yr_100hru_100bh_bug_checking/postprocess/basin_clusters/1298.tif': No such file or directory
ln: failed to create symbolic link '/scratch/alpine/battobrah@xsede.org/Rice_NMT_Snow/upper_colorado/experiments/simulations/MSWX_3h_Snow_Project3_pp_upper_colorado_1yr_100hru_100bh_bug_checking/postprocess/hand/965.tif': No such file or directory
ln: failed to create symbolic link '/scratch/alpine/battobrah@xsede.org/Rice_NMT_Snow/upper_colorado/experiments/simulations/MSWX_3h_Snow_Project3_pp_upper_colorado_1yr_100hru_100bh_bug_checking/postprocess/basins/965.tif': No such file or directory
ln: failed to create symbolic link '/scratch/alpine/battobrah@xsede.org/Rice_NMT_Snow/upper_colorado/experiments/simulations/MSWX_3h_Snow_Project3_pp_upper_colorado_1yr_100hru_100bh_bug_checking/postprocess/basin_clusters/965.tif': No such file or directory
ln: failed to create symbolic link '/scratch/alpine/battobrah@xsede.org/Rice_NMT_Snow/upper_colorado/experiments/simulations/MSWX_3h_Snow_Project3_pp_upper_colorado_1yr_100hru_100bh_bug_checking/postprocess/hand/1454.tif': No such file or directory
ln: failed to create symbolic link '/scratch/alpine/battobrah@xsede.org/Rice_NMT_Snow/upper_colorado/experiments/simulations/MSWX_3h_Snow_Project3_pp_upper_colorado_1yr_100hru_100bh_bug_checking/postprocess/basins/1454.tif': No such file or directory
ln: failed to create symbolic link '/scratch/alpine/battobrah@xsede.org/Rice_NMT_Snow/upper_colorado/experiments/simulations/MSWX_3h_Snow_Project3_pp_upper_colorado_1yr_100hru_100bh_bug_checking/postprocess/basin_clusters/1454.tif': No such file or directory
ln: failed to create symbolic link '/scratch/alpine/battobrah@xsede.org/Rice_NMT_Snow/upper_colorado/experiments/simulations/MSWX_3h_Snow_Project3_pp_upper_colorado_1yr_100hru_100bh_bug_checking/postprocess/hand/1457.tif': No such file or directory
ln: failed to create symbolic link '/scratch/alpine/battobrah@xsede.org/Rice_NMT_Snow/upper_colorado/experiments/simulations/MSWX_3h_Snow_Project3_pp_upper_colorado_1yr_100hru_100bh_bug_checking/postprocess/basins/1457.tif': No such file or directory
ln: failed to create symbolic link '/scratch/alpine/battobrah@xsede.org/Rice_NMT_Snow/upper_colorado/experiments/simulations/MSWX_3h_Snow_Project3_pp_upper_colorado_1yr_100hru_100bh_bug_checking/postprocess/basin_clusters/1457.tif': No such file or directory
ln: failed to create symbolic link '/scratch/alpine/battobrah@xsede.org/Rice_NMT_Snow/upper_colorado/experiments/simulations/MSWX_3h_Snow_Project3_pp_upper_colorado_1yr_100hru_100bh_bug_checking/postprocess/hand/807.tif': No such file or directory
ln: failed to create symbolic link '/scratch/alpine/battobrah@xsede.org/Rice_NMT_Snow/upper_colorado/experiments/simulations/MSWX_3h_Snow_Project3_pp_upper_colorado_1yr_100hru_100bh_bug_checking/postprocess/basins/807.tif': No such file or directory
ln: failed to create symbolic link '/scratch/alpine/battobrah@xsede.org/Rice_NMT_Snow/upper_colorado/experiments/simulations/MSWX_3h_Snow_Project3_pp_upper_colorado_1yr_100hru_100bh_bug_checking/postprocess/basin_clusters/807.tif': No such file or directory
ln: failed to create symbolic link '/scratch/alpine/battobrah@xsede.org/Rice_NMT_Snow/upper_colorado/experiments/simulations/MSWX_3h_Snow_Project3_pp_upper_colorado_1yr_100hru_100bh_bug_checking/postprocess/hand/1121.tif': No such file or directory
ln: failed to create symbolic link '/scratch/alpine/battobrah@xsede.org/Rice_NMT_Snow/upper_colorado/experiments/simulations/MSWX_3h_Snow_Project3_pp_upper_colorado_1yr_100hru_100bh_bug_checking/postprocess/basins/1121.tif': No such file or directory
ln: failed to create symbolic link '/scratch/alpine/battobrah@xsede.org/Rice_NMT_Snow/upper_colorado/experiments/simulations/MSWX_3h_Snow_Project3_pp_upper_colorado_1yr_100hru_100bh_bug_checking/postprocess/basin_clusters/1121.tif': No such file or directory
ln: failed to create symbolic link '/scratch/alpine/battobrah@xsede.org/Rice_NMT_Snow/upper_colorado/experiments/simulations/MSWX_3h_Snow_Project3_pp_upper_colorado_1yr_100hru_100bh_bug_checking/postprocess/hand/975.tif': No such file or directory
ln: failed to create symbolic link '/scratch/alpine/battobrah@xsede.org/Rice_NMT_Snow/upper_colorado/experiments/simulations/MSWX_3h_Snow_Project3_pp_upper_colorado_1yr_100hru_100bh_bug_checking/postprocess/basins/975.tif': No such file or directory
ln: failed to create symbolic link '/scratch/alpine/battobrah@xsede.org/Rice_NMT_Snow/upper_colorado/experiments/simulations/MSWX_3h_Snow_Project3_pp_upper_colorado_1yr_100hru_100bh_bug_checking/postprocess/basin_clusters/975.tif': No such file or directory
ln: failed to create symbolic link '/scratch/alpine/battobrah@xsede.org/Rice_NMT_Snow/upper_colorado/experiments/simulations/MSWX_3h_Snow_Project3_pp_upper_colorado_1yr_100hru_100bh_bug_checking/postprocess/hand/1283.tif': No such file or directory
ln: failed to create symbolic link '/scratch/alpine/battobrah@xsede.org/Rice_NMT_Snow/upper_colorado/experiments/simulations/MSWX_3h_Snow_Project3_pp_upper_colorado_1yr_100hru_100bh_bug_checking/postprocess/basins/1283.tif': No such file or directory
ln: failed to create symbolic link '/scratch/alpine/battobrah@xsede.org/Rice_NMT_Snow/upper_colorado/experiments/simulations/MSWX_3h_Snow_Project3_pp_upper_colorado_1yr_100hru_100bh_bug_checking/postprocess/hand/1292.tif': No such file or directory
ln: failed to create symbolic link '/scratch/alpine/battobrah@xsede.org/Rice_NMT_Snow/upper_colorado/experiments/simulations/MSWX_3h_Snow_Project3_pp_upper_colorado_1yr_100hru_100bh_bug_checking/postprocess/basin_clusters/1283.tif': No such file or directory
ln: failed to create symbolic link '/scratch/alpine/battobrah@xsede.org/Rice_NMT_Snow/upper_colorado/experiments/simulations/MSWX_3h_Snow_Project3_pp_upper_colorado_1yr_100hru_100bh_bug_checking/postprocess/basins/1292.tif': No such file or directory
ln: failed to create symbolic link '/scratch/alpine/battobrah@xsede.org/Rice_NMT_Snow/upper_colorado/experiments/simulations/MSWX_3h_Snow_Project3_pp_upper_colorado_1yr_100hru_100bh_bug_checking/postprocess/basin_clusters/1292.tif': No such file or directory
ln: failed to create symbolic link '/scratch/alpine/battobrah@xsede.org/Rice_NMT_Snow/upper_colorado/experiments/simulations/MSWX_3h_Snow_Project3_pp_upper_colorado_1yr_100hru_100bh_bug_checking/postprocess/hand/1122.tif': No such file or directory
ln: failed to create symbolic link '/scratch/alpine/battobrah@xsede.org/Rice_NMT_Snow/upper_colorado/experiments/simulations/MSWX_3h_Snow_Project3_pp_upper_colorado_1yr_100hru_100bh_bug_checking/postprocess/basins/1122.tif': No such file or directory
ln: failed to create symbolic link '/scratch/alpine/battobrah@xsede.org/Rice_NMT_Snow/upper_colorado/experiments/simulations/MSWX_3h_Snow_Project3_pp_upper_colorado_1yr_100hru_100bh_bug_checking/postprocess/basin_clusters/1122.tif': No such file or directory
ln: failed to create symbolic link '/scratch/alpine/battobrah@xsede.org/Rice_NMT_Snow/upper_colorado/experiments/simulations/MSWX_3h_Snow_Project3_pp_upper_colorado_1yr_100hru_100bh_bug_checking/postprocess/hand/1459.tif': No such file or directory
ln: failed to create symbolic link '/scratch/alpine/battobrah@xsede.org/Rice_NMT_Snow/upper_colorado/experiments/simulations/MSWX_3h_Snow_Project3_pp_upper_colorado_1yr_100hru_100bh_bug_checking/postprocess/basins/1459.tif': No such file or directory
ln: failed to create symbolic link '/scratch/alpine/battobrah@xsede.org/Rice_NMT_Snow/upper_colorado/experiments/simulations/MSWX_3h_Snow_Project3_pp_upper_colorado_1yr_100hru_100bh_bug_checking/postprocess/basin_clusters/1459.tif': No such file or directory
ln: failed to create symbolic link '/scratch/alpine/battobrah@xsede.org/Rice_NMT_Snow/upper_colorado/experiments/simulations/MSWX_3h_Snow_Project3_pp_upper_colorado_1yr_100hru_100bh_bug_checking/postprocess/hand/1460.tif': No such file or directory
ln: failed to create symbolic link '/scratch/alpine/battobrah@xsede.org/Rice_NMT_Snow/upper_colorado/experiments/simulations/MSWX_3h_Snow_Project3_pp_upper_colorado_1yr_100hru_100bh_bug_checking/postprocess/basins/1460.tif': No such file or directory
ln: failed to create symbolic link '/scratch/alpine/battobrah@xsede.org/Rice_NMT_Snow/upper_colorado/experiments/simulations/MSWX_3h_Snow_Project3_pp_upper_colorado_1yr_100hru_100bh_bug_checking/postprocess/basin_clusters/1460.tif': No such file or directory
ln: failed to create symbolic link '/scratch/alpine/battobrah@xsede.org/Rice_NMT_Snow/upper_colorado/experiments/simulations/MSWX_3h_Snow_Project3_pp_upper_colorado_1yr_100hru_100bh_bug_checking/postprocess/hand/1451.tif': No such file or directory
ln: failed to create symbolic link '/scratch/alpine/battobrah@xsede.org/Rice_NMT_Snow/upper_colorado/experiments/simulations/MSWX_3h_Snow_Project3_pp_upper_colorado_1yr_100hru_100bh_bug_checking/postprocess/basins/1451.tif': No such file or directory
ln: failed to create symbolic link '/scratch/alpine/battobrah@xsede.org/Rice_NMT_Snow/upper_colorado/experiments/simulations/MSWX_3h_Snow_Project3_pp_upper_colorado_1yr_100hru_100bh_bug_checking/postprocess/basin_clusters/1451.tif': No such file or directory
ln: failed to create symbolic link '/scratch/alpine/battobrah@xsede.org/Rice_NMT_Snow/upper_colorado/experiments/simulations/MSWX_3h_Snow_Project3_pp_upper_colorado_1yr_100hru_100bh_bug_checking/postprocess/hand/648.tif': No such file or directory
ln: failed to create symbolic link '/scratch/alpine/battobrah@xsede.org/Rice_NMT_Snow/upper_colorado/experiments/simulations/MSWX_3h_Snow_Project3_pp_upper_colorado_1yr_100hru_100bh_bug_checking/postprocess/basins/648.tif': No such file or directory
ln: failed to create symbolic link '/scratch/alpine/battobrah@xsede.org/Rice_NMT_Snow/upper_colorado/experiments/simulations/MSWX_3h_Snow_Project3_pp_upper_colorado_1yr_100hru_100bh_bug_checking/postprocess/basin_clusters/648.tif': No such file or directory
ln: failed to create symbolic link '/scratch/alpine/battobrah@xsede.org/Rice_NMT_Snow/upper_colorado/experiments/simulations/MSWX_3h_Snow_Project3_pp_upper_colorado_1yr_100hru_100bh_bug_checking/postprocess/hand/976.tif': No such file or directory
ln: failed to create symbolic link '/scratch/alpine/battobrah@xsede.org/Rice_NMT_Snow/upper_colorado/experiments/simulations/MSWX_3h_Snow_Project3_pp_upper_colorado_1yr_100hru_100bh_bug_checking/postprocess/basins/976.tif': No such file or directory
ln: failed to create symbolic link '/scratch/alpine/battobrah@xsede.org/Rice_NMT_Snow/upper_colorado/experiments/simulations/MSWX_3h_Snow_Project3_pp_upper_colorado_1yr_100hru_100bh_bug_checking/postprocess/basin_clusters/976.tif': No such file or directory
ln: failed to create symbolic link '/scratch/alpine/battobrah@xsede.org/Rice_NMT_Snow/upper_colorado/experiments/simulations/MSWX_3h_Snow_Project3_pp_upper_colorado_1yr_100hru_100bh_bug_checking/postprocess/hand/1124.tif': No such file or directory
ln: failed to create symbolic link '/scratch/alpine/battobrah@xsede.org/Rice_NMT_Snow/upper_colorado/experiments/simulations/MSWX_3h_Snow_Project3_pp_upper_colorado_1yr_100hru_100bh_bug_checking/postprocess/basins/1124.tif': No such file or directory
ln: failed to create symbolic link '/scratch/alpine/battobrah@xsede.org/Rice_NMT_Snow/upper_colorado/experiments/simulations/MSWX_3h_Snow_Project3_pp_upper_colorado_1yr_100hru_100bh_bug_checking/postprocess/basin_clusters/1124.tif': No such file or directory
rm: cannot remove '/scratch/alpine/battobrah@xsede.org/Rice_NMT_Snow/upper_colorado/experiments/simulations/MSWX_3h_Snow_Project3_pp_upper_colorado_1yr_100hru_100bh_bug_checking/postprocess/dem': Directory not empty
ln: failed to create symbolic link '/scratch/alpine/battobrah@xsede.org/Rice_NMT_Snow/upper_colorado/experiments/simulations/MSWX_3h_Snow_Project3_pp_upper_colorado_1yr_100hru_100bh_bug_checking/postprocess/hand/1458.tif': No such file or directory
rm: cannot remove '/scratch/alpine/battobrah@xsede.org/Rice_NMT_Snow/upper_colorado/experiments/simulations/MSWX_3h_Snow_Project3_pp_upper_colorado_1yr_100hru_100bh_bug_checking/postprocess/dem': Directory not empty
rm: cannot remove '/scratch/alpine/battobrah@xsede.org/Rice_NMT_Snow/upper_colorado/experiments/simulations/MSWX_3h_Snow_Project3_pp_upper_colorado_1yr_100hru_100bh_bug_checking/postprocess/dem': Directory not empty
rm: cannot remove '/scratch/alpine/battobrah@xsede.org/Rice_NMT_Snow/upper_colorado/experiments/simulations/MSWX_3h_Snow_Project3_pp_upper_colorado_1yr_100hru_100bh_bug_checking/postprocess/dem': Directory not empty
ln: failed to create symbolic link '/scratch/alpine/battobrah@xsede.org/Rice_NMT_Snow/upper_colorado/experiments/simulations/MSWX_3h_Snow_Project3_pp_upper_colorado_1yr_100hru_100bh_bug_checking/postprocess/hand/1130.tif': No such file or directory
ln: failed to create symbolic link '/scratch/alpine/battobrah@xsede.org/Rice_NMT_Snow/upper_colorado/experiments/simulations/MSWX_3h_Snow_Project3_pp_upper_colorado_1yr_100hru_100bh_bug_checking/postprocess/hand/1126.tif': No such file or directory
ln: failed to create symbolic link '/scratch/alpine/battobrah@xsede.org/Rice_NMT_Snow/upper_colorado/experiments/simulations/MSWX_3h_Snow_Project3_pp_upper_colorado_1yr_100hru_100bh_bug_checking/postprocess/hand/1293.tif': No such file or directory
ln: failed to create symbolic link '/scratch/alpine/battobrah@xsede.org/Rice_NMT_Snow/upper_colorado/experiments/simulations/MSWX_3h_Snow_Project3_pp_upper_colorado_1yr_100hru_100bh_bug_checking/postprocess/basins/1458.tif': No such file or directory
ln: failed to create symbolic link '/scratch/alpine/battobrah@xsede.org/Rice_NMT_Snow/upper_colorado/experiments/simulations/MSWX_3h_Snow_Project3_pp_upper_colorado_1yr_100hru_100bh_bug_checking/postprocess/basins/1293.tif': No such file or directory
ln: failed to create symbolic link '/scratch/alpine/battobrah@xsede.org/Rice_NMT_Snow/upper_colorado/experiments/simulations/MSWX_3h_Snow_Project3_pp_upper_colorado_1yr_100hru_100bh_bug_checking/postprocess/basin_clusters/1458.tif': No such file or directory
ln: failed to create symbolic link '/scratch/alpine/battobrah@xsede.org/Rice_NMT_Snow/upper_colorado/experiments/simulations/MSWX_3h_Snow_Project3_pp_upper_colorado_1yr_100hru_100bh_bug_checking/postprocess/basin_clusters/1293.tif': No such file or directory
rm: cannot remove '/scratch/alpine/battobrah@xsede.org/Rice_NMT_Snow/upper_colorado/experiments/simulations/MSWX_3h_Snow_Project3_pp_upper_colorado_1yr_100hru_100bh_bug_checking/postprocess/cids': Directory not empty
rm: cannot remove '/scratch/alpine/battobrah@xsede.org/Rice_NMT_Snow/upper_colorado/experiments/simulations/MSWX_3h_Snow_Project3_pp_upper_colorado_1yr_100hru_100bh_bug_checking/postprocess/cids': Directory not empty
ln: failed to create symbolic link '/scratch/alpine/battobrah@xsede.org/Rice_NMT_Snow/upper_colorado/experiments/simulations/MSWX_3h_Snow_Project3_pp_upper_colorado_1yr_100hru_100bh_bug_checking/postprocess/basins/1126.tif': No such file or directory
ln: failed to create symbolic link '/scratch/alpine/battobrah@xsede.org/Rice_NMT_Snow/upper_colorado/experiments/simulations/MSWX_3h_Snow_Project3_pp_upper_colorado_1yr_100hru_100bh_bug_checking/postprocess/basins/1130.tif': No such file or directory
ln: failed to create symbolic link '/scratch/alpine/battobrah@xsede.org/Rice_NMT_Snow/upper_colorado/experiments/simulations/MSWX_3h_Snow_Project3_pp_upper_colorado_1yr_100hru_100bh_bug_checking/postprocess/hand/1129.tif': No such file or directory
rm: cannot remove '/scratch/alpine/battobrah@xsede.org/Rice_NMT_Snow/upper_colorado/experiments/simulations/MSWX_3h_Snow_Project3_pp_upper_colorado_1yr_100hru_100bh_bug_checking/postprocess/hrus': Directory not empty
rm: cannot remove '/scratch/alpine/battobrah@xsede.org/Rice_NMT_Snow/upper_colorado/experiments/simulations/MSWX_3h_Snow_Project3_pp_upper_colorado_1yr_100hru_100bh_bug_checking/postprocess/hrus': Directory not empty
ln: failed to create symbolic link '/scratch/alpine/battobrah@xsede.org/Rice_NMT_Snow/upper_colorado/experiments/simulations/MSWX_3h_Snow_Project3_pp_upper_colorado_1yr_100hru_100bh_bug_checking/postprocess/basin_clusters/1126.tif': No such file or directory
ln: failed to create symbolic link '/scratch/alpine/battobrah@xsede.org/Rice_NMT_Snow/upper_colorado/experiments/simulations/MSWX_3h_Snow_Project3_pp_upper_colorado_1yr_100hru_100bh_bug_checking/postprocess/hand/967.tif': No such file or directory
ln: failed to create symbolic link '/scratch/alpine/battobrah@xsede.org/Rice_NMT_Snow/upper_colorado/experiments/simulations/MSWX_3h_Snow_Project3_pp_upper_colorado_1yr_100hru_100bh_bug_checking/postprocess/basins/1129.tif': No such file or directory
ln: failed to create symbolic link '/scratch/alpine/battobrah@xsede.org/Rice_NMT_Snow/upper_colorado/experiments/simulations/MSWX_3h_Snow_Project3_pp_upper_colorado_1yr_100hru_100bh_bug_checking/postprocess/basin_clusters/1130.tif': No such file or directory
ln: failed to create symbolic link '/scratch/alpine/battobrah@xsede.org/Rice_NMT_Snow/upper_colorado/experiments/simulations/MSWX_3h_Snow_Project3_pp_upper_colorado_1yr_100hru_100bh_bug_checking/postprocess/basins/967.tif': No such file or directory
ln: failed to create symbolic link '/scratch/alpine/battobrah@xsede.org/Rice_NMT_Snow/upper_colorado/experiments/simulations/MSWX_3h_Snow_Project3_pp_upper_colorado_1yr_100hru_100bh_bug_checking/postprocess/basin_clusters/1129.tif': No such file or directory
ln: failed to create symbolic link '/scratch/alpine/battobrah@xsede.org/Rice_NMT_Snow/upper_colorado/experiments/simulations/MSWX_3h_Snow_Project3_pp_upper_colorado_1yr_100hru_100bh_bug_checking/postprocess/basin_clusters/967.tif': No such file or directory
rm: cannot remove '/scratch/alpine/battobrah@xsede.org/Rice_NMT_Snow/upper_colorado/experiments/simulations/MSWX_3h_Snow_Project3_pp_upper_colorado_1yr_100hru_100bh_bug_checking/postprocess/dem': Directory not empty
ln: failed to create symbolic link '/scratch/alpine/battobrah@xsede.org/Rice_NMT_Snow/upper_colorado/experiments/simulations/MSWX_3h_Snow_Project3_pp_upper_colorado_1yr_100hru_100bh_bug_checking/postprocess/hand/1125.tif': No such file or directory
ln: failed to create symbolic link '/scratch/alpine/battobrah@xsede.org/Rice_NMT_Snow/upper_colorado/experiments/simulations/MSWX_3h_Snow_Project3_pp_upper_colorado_1yr_100hru_100bh_bug_checking/postprocess/basins/1125.tif': No such file or directory
ln: failed to create symbolic link '/scratch/alpine/battobrah@xsede.org/Rice_NMT_Snow/upper_colorado/experiments/simulations/MSWX_3h_Snow_Project3_pp_upper_colorado_1yr_100hru_100bh_bug_checking/postprocess/basin_clusters/1125.tif': No such file or directory
ln: failed to create symbolic link '/scratch/alpine/battobrah@xsede.org/Rice_NMT_Snow/upper_colorado/experiments/simulations/MSWX_3h_Snow_Project3_pp_upper_colorado_1yr_100hru_100bh_bug_checking/postprocess/hand/1135.tif': No such file or directory
ln: failed to create symbolic link '/scratch/alpine/battobrah@xsede.org/Rice_NMT_Snow/upper_colorado/experiments/simulations/MSWX_3h_Snow_Project3_pp_upper_colorado_1yr_100hru_100bh_bug_checking/postprocess/basins/1135.tif': No such file or directory
ln: failed to create symbolic link '/scratch/alpine/battobrah@xsede.org/Rice_NMT_Snow/upper_colorado/experiments/simulations/MSWX_3h_Snow_Project3_pp_upper_colorado_1yr_100hru_100bh_bug_checking/postprocess/basin_clusters/1135.tif': No such file or directory
ln: failed to create symbolic link '/scratch/alpine/battobrah@xsede.org/Rice_NMT_Snow/upper_colorado/experiments/simulations/MSWX_3h_Snow_Project3_pp_upper_colorado_1yr_100hru_100bh_bug_checking/postprocess/hand/1452.tif': No such file or directory
rm: cannot remove '/scratch/alpine/battobrah@xsede.org/Rice_NMT_Snow/upper_colorado/experiments/simulations/MSWX_3h_Snow_Project3_pp_upper_colorado_1yr_100hru_100bh_bug_checking/postprocess/hrus': Directory not empty
rm: cannot remove '/scratch/alpine/battobrah@xsede.org/Rice_NMT_Snow/upper_colorado/experiments/simulations/MSWX_3h_Snow_Project3_pp_upper_colorado_1yr_100hru_100bh_bug_checking/postprocess/hrus': Directory not empty
rm: cannot remove '/scratch/alpine/battobrah@xsede.org/Rice_NMT_Snow/upper_colorado/experiments/simulations/MSWX_3h_Snow_Project3_pp_upper_colorado_1yr_100hru_100bh_bug_checking/postprocess/hrus': Directory not empty
ln: failed to create symbolic link '/scratch/alpine/battobrah@xsede.org/Rice_NMT_Snow/upper_colorado/experiments/simulations/MSWX_3h_Snow_Project3_pp_upper_colorado_1yr_100hru_100bh_bug_checking/postprocess/basins/1452.tif': No such file or directory
ln: failed to create symbolic link '/scratch/alpine/battobrah@xsede.org/Rice_NMT_Snow/upper_colorado/experiments/simulations/MSWX_3h_Snow_Project3_pp_upper_colorado_1yr_100hru_100bh_bug_checking/postprocess/basin_clusters/1452.tif': No such file or directory
rm: cannot remove '/scratch/alpine/battobrah@xsede.org/Rice_NMT_Snow/upper_colorado/experiments/simulations/MSWX_3h_Snow_Project3_pp_upper_colorado_1yr_100hru_100bh_bug_checking/postprocess/dem': Directory not empty
rm: cannot remove '/scratch/alpine/battobrah@xsede.org/Rice_NMT_Snow/upper_colorado/experiments/simulations/MSWX_3h_Snow_Project3_pp_upper_colorado_1yr_100hru_100bh_bug_checking/postprocess/dem': Directory not empty
ln: failed to create symbolic link '/scratch/alpine/battobrah@xsede.org/Rice_NMT_Snow/upper_colorado/experiments/simulations/MSWX_3h_Snow_Project3_pp_upper_colorado_1yr_100hru_100bh_bug_checking/postprocess/hand/1136.tif': No such file or directory
rm: cannot remove '/scratch/alpine/battobrah@xsede.org/Rice_NMT_Snow/upper_colorado/experiments/simulations/MSWX_3h_Snow_Project3_pp_upper_colorado_1yr_100hru_100bh_bug_checking/postprocess/hrus': Directory not empty
rm: cannot remove '/scratch/alpine/battobrah@xsede.org/Rice_NMT_Snow/upper_colorado/experiments/simulations/MSWX_3h_Snow_Project3_pp_upper_colorado_1yr_100hru_100bh_bug_checking/postprocess/hrus': Directory not empty
ln: failed to create symbolic link '/scratch/alpine/battobrah@xsede.org/Rice_NMT_Snow/upper_colorado/experiments/simulations/MSWX_3h_Snow_Project3_pp_upper_colorado_1yr_100hru_100bh_bug_checking/postprocess/basins/1136.tif': No such file or directory
rm: cannot remove '/scratch/alpine/battobrah@xsede.org/Rice_NMT_Snow/upper_colorado/experiments/simulations/MSWX_3h_Snow_Project3_pp_upper_colorado_1yr_100hru_100bh_bug_checking/postprocess/hrus': Directory not empty
rm: cannot remove '/scratch/alpine/battobrah@xsede.org/Rice_NMT_Snow/upper_colorado/experiments/simulations/MSWX_3h_Snow_Project3_pp_upper_colorado_1yr_100hru_100bh_bug_checking/postprocess/hrus': Directory not empty
rm: cannot remove '/scratch/alpine/battobrah@xsede.org/Rice_NMT_Snow/upper_colorado/experiments/simulations/MSWX_3h_Snow_Project3_pp_upper_colorado_1yr_100hru_100bh_bug_checking/postprocess/hrus': Directory not empty
ln: failed to create symbolic link '/scratch/alpine/battobrah@xsede.org/Rice_NMT_Snow/upper_colorado/experiments/simulations/MSWX_3h_Snow_Project3_pp_upper_colorado_1yr_100hru_100bh_bug_checking/postprocess/basin_clusters/1136.tif': No such file or directory
ln: failed to create symbolic link '/scratch/alpine/battobrah@xsede.org/Rice_NMT_Snow/upper_colorado/experiments/simulations/MSWX_3h_Snow_Project3_pp_upper_colorado_1yr_100hru_100bh_bug_checking/postprocess/hand/1453.tif': No such file or directory
ln: failed to create symbolic link '/scratch/alpine/battobrah@xsede.org/Rice_NMT_Snow/upper_colorado/experiments/simulations/MSWX_3h_Snow_Project3_pp_upper_colorado_1yr_100hru_100bh_bug_checking/postprocess/hand/1284.tif': No such file or directory
ln: failed to create symbolic link '/scratch/alpine/battobrah@xsede.org/Rice_NMT_Snow/upper_colorado/experiments/simulations/MSWX_3h_Snow_Project3_pp_upper_colorado_1yr_100hru_100bh_bug_checking/postprocess/basins/1453.tif': No such file or directory
ln: failed to create symbolic link '/scratch/alpine/battobrah@xsede.org/Rice_NMT_Snow/upper_colorado/experiments/simulations/MSWX_3h_Snow_Project3_pp_upper_colorado_1yr_100hru_100bh_bug_checking/postprocess/hrus/1296.tif': No such file or directory
ln: ln: failed to create symbolic link '/scratch/alpine/battobrah@xsede.org/Rice_NMT_Snow/upper_colorado/experiments/simulations/MSWX_3h_Snow_Project3_pp_upper_colorado_1yr_100hru_100bh_bug_checking/postprocess/basins/1284.tif': No such file or directory
failed to create symbolic link '/scratch/alpine/battobrah@xsede.org/Rice_NMT_Snow/upper_colorado/experiments/simulations/MSWX_3h_Snow_Project3_pp_upper_colorado_1yr_100hru_100bh_bug_checking/postprocess/hand/1295.tif': No such file or directory
ln: failed to create symbolic link '/scratch/alpine/battobrah@xsede.org/Rice_NMT_Snow/upper_colorado/experiments/simulations/MSWX_3h_Snow_Project3_pp_upper_colorado_1yr_100hru_100bh_bug_checking/postprocess/basin_clusters/1453.tif': No such file or directory
ln: failed to create symbolic link '/scratch/alpine/battobrah@xsede.org/Rice_NMT_Snow/upper_colorado/experiments/simulations/MSWX_3h_Snow_Project3_pp_upper_colorado_1yr_100hru_100bh_bug_checking/postprocess/basin_clusters/1284.tif': No such file or directory
ln: failed to create symbolic link '/scratch/alpine/battobrah@xsede.org/Rice_NMT_Snow/upper_colorado/experiments/simulations/MSWX_3h_Snow_Project3_pp_upper_colorado_1yr_100hru_100bh_bug_checking/postprocess/basins/1295.tif': No such file or directory
ln: failed to create symbolic link '/scratch/alpine/battobrah@xsede.org/Rice_NMT_Snow/upper_colorado/experiments/simulations/MSWX_3h_Snow_Project3_pp_upper_colorado_1yr_100hru_100bh_bug_checking/postprocess/hrus/1444.tif': No such file or directory
ln: failed to create symbolic link '/scratch/alpine/battobrah@xsede.org/Rice_NMT_Snow/upper_colorado/experiments/simulations/MSWX_3h_Snow_Project3_pp_upper_colorado_1yr_100hru_100bh_bug_checking/postprocess/basin_clusters/1295.tif': No such file or directory
ln: failed to create symbolic link '/scratch/alpine/battobrah@xsede.org/Rice_NMT_Snow/upper_colorado/experiments/simulations/MSWX_3h_Snow_Project3_pp_upper_colorado_1yr_100hru_100bh_bug_checking/postprocess/hand/1282.tif': No such file or directory
ln: failed to create symbolic link '/scratch/alpine/battobrah@xsede.org/Rice_NMT_Snow/upper_colorado/experiments/simulations/MSWX_3h_Snow_Project3_pp_upper_colorado_1yr_100hru_100bh_bug_checking/postprocess/basins/1282.tif': No such file or directory
ln: failed to create symbolic link '/scratch/alpine/battobrah@xsede.org/Rice_NMT_Snow/upper_colorado/experiments/simulations/MSWX_3h_Snow_Project3_pp_upper_colorado_1yr_100hru_100bh_bug_checking/postprocess/hrus/1455.tif': No such file or directory
ln: failed to create symbolic link '/scratch/alpine/battobrah@xsede.org/Rice_NMT_Snow/upper_colorado/experiments/simulations/MSWX_3h_Snow_Project3_pp_upper_colorado_1yr_100hru_100bh_bug_checking/postprocess/basin_clusters/1282.tif': No such file or directory
ln: failed to create symbolic link '/scratch/alpine/battobrah@xsede.org/Rice_NMT_Snow/upper_colorado/experiments/simulations/MSWX_3h_Snow_Project3_pp_upper_colorado_1yr_100hru_100bh_bug_checking/postprocess/hrus/1442.tif': No such file or directory
ln: failed to create symbolic link '/scratch/alpine/battobrah@xsede.org/Rice_NMT_Snow/upper_colorado/experiments/simulations/MSWX_3h_Snow_Project3_pp_upper_colorado_1yr_100hru_100bh_bug_checking/postprocess/hand/1281.tif': No such file or directory
ln: failed to create symbolic link '/scratch/alpine/battobrah@xsede.org/Rice_NMT_Snow/upper_colorado/experiments/simulations/MSWX_3h_Snow_Project3_pp_upper_colorado_1yr_100hru_100bh_bug_checking/postprocess/basins/1281.tif': No such file or directory
ln: failed to create symbolic link '/scratch/alpine/battobrah@xsede.org/Rice_NMT_Snow/upper_colorado/experiments/simulations/MSWX_3h_Snow_Project3_pp_upper_colorado_1yr_100hru_100bh_bug_checking/postprocess/basin_clusters/1281.tif': No such file or directory
ln: failed to create symbolic link '/scratch/alpine/battobrah@xsede.org/Rice_NMT_Snow/upper_colorado/experiments/simulations/MSWX_3h_Snow_Project3_pp_upper_colorado_1yr_100hru_100bh_bug_checking/postprocess/hrus/1441.tif': No such file or directory
ln: failed to create symbolic link '/scratch/alpine/battobrah@xsede.org/Rice_NMT_Snow/upper_colorado/experiments/simulations/MSWX_3h_Snow_Project3_pp_upper_colorado_1yr_100hru_100bh_bug_checking/postprocess/hand/808.tif': No such file or directory
ln: failed to create symbolic link '/scratch/alpine/battobrah@xsede.org/Rice_NMT_Snow/upper_colorado/experiments/simulations/MSWX_3h_Snow_Project3_pp_upper_colorado_1yr_100hru_100bh_bug_checking/postprocess/basins/808.tif': No such file or directory
ln: failed to create symbolic link '/scratch/alpine/battobrah@xsede.org/Rice_NMT_Snow/upper_colorado/experiments/simulations/MSWX_3h_Snow_Project3_pp_upper_colorado_1yr_100hru_100bh_bug_checking/postprocess/basin_clusters/808.tif': No such file or directory
ln: failed to create symbolic link '/scratch/alpine/battobrah@xsede.org/Rice_NMT_Snow/upper_colorado/experiments/simulations/MSWX_3h_Snow_Project3_pp_upper_colorado_1yr_100hru_100bh_bug_checking/postprocess/hrus/968.tif': No such file or directory
rm: cannot remove '/scratch/alpine/battobrah@xsede.org/Rice_NMT_Snow/upper_colorado/experiments/simulations/MSWX_3h_Snow_Project3_pp_upper_colorado_1yr_100hru_100bh_bug_checking/postprocess/dem': Directory not empty
ln: failed to create symbolic link '/scratch/alpine/battobrah@xsede.org/Rice_NMT_Snow/upper_colorado/experiments/simulations/MSWX_3h_Snow_Project3_pp_upper_colorado_1yr_100hru_100bh_bug_checking/postprocess/hand/1290.tif': No such file or directory
ln: failed to create symbolic link '/scratch/alpine/battobrah@xsede.org/Rice_NMT_Snow/upper_colorado/experiments/simulations/MSWX_3h_Snow_Project3_pp_upper_colorado_1yr_100hru_100bh_bug_checking/postprocess/basins/1290.tif': No such file or directory
ln: failed to create symbolic link '/scratch/alpine/battobrah@xsede.org/Rice_NMT_Snow/upper_colorado/experiments/simulations/MSWX_3h_Snow_Project3_pp_upper_colorado_1yr_100hru_100bh_bug_checking/postprocess/basin_clusters/1290.tif': No such file or directory
ln: failed to create symbolic link '/scratch/alpine/battobrah@xsede.org/Rice_NMT_Snow/upper_colorado/experiments/simulations/MSWX_3h_Snow_Project3_pp_upper_colorado_1yr_100hru_100bh_bug_checking/postprocess/hrus/1450.tif': No such file or directory
rm: cannot remove '/scratch/alpine/battobrah@xsede.org/Rice_NMT_Snow/upper_colorado/experiments/simulations/MSWX_3h_Snow_Project3_pp_upper_colorado_1yr_100hru_100bh_bug_checking/postprocess/dem': Directory not empty
ln: failed to create symbolic link '/scratch/alpine/battobrah@xsede.org/Rice_NMT_Snow/upper_colorado/experiments/simulations/MSWX_3h_Snow_Project3_pp_upper_colorado_1yr_100hru_100bh_bug_checking/postprocess/hand/1286.tif': No such file or directory
ln: failed to create symbolic link '/scratch/alpine/battobrah@xsede.org/Rice_NMT_Snow/upper_colorado/experiments/simulations/MSWX_3h_Snow_Project3_pp_upper_colorado_1yr_100hru_100bh_bug_checking/postprocess/basins/1286.tif': No such file or directory
ln: failed to create symbolic link '/scratch/alpine/battobrah@xsede.org/Rice_NMT_Snow/upper_colorado/experiments/simulations/MSWX_3h_Snow_Project3_pp_upper_colorado_1yr_100hru_100bh_bug_checking/postprocess/basin_clusters/1286.tif': No such file or directory
ln: failed to create symbolic link '/scratch/alpine/battobrah@xsede.org/Rice_NMT_Snow/upper_colorado/experiments/simulations/MSWX_3h_Snow_Project3_pp_upper_colorado_1yr_100hru_100bh_bug_checking/postprocess/hrus/1446.tif': No such file or directory
ln: failed to create symbolic link '/scratch/alpine/battobrah@xsede.org/Rice_NMT_Snow/upper_colorado/experiments/simulations/MSWX_3h_Snow_Project3_pp_upper_colorado_1yr_100hru_100bh_bug_checking/postprocess/hand/1289.tif': No such file or directory
ln: failed to create symbolic link '/scratch/alpine/battobrah@xsede.org/Rice_NMT_Snow/upper_colorado/experiments/simulations/MSWX_3h_Snow_Project3_pp_upper_colorado_1yr_100hru_100bh_bug_checking/postprocess/basins/1289.tif': No such file or directory
ln: failed to create symbolic link '/scratch/alpine/battobrah@xsede.org/Rice_NMT_Snow/upper_colorado/experiments/simulations/MSWX_3h_Snow_Project3_pp_upper_colorado_1yr_100hru_100bh_bug_checking/postprocess/basin_clusters/1289.tif': No such file or directory
ln: failed to create symbolic link '/scratch/alpine/battobrah@xsede.org/Rice_NMT_Snow/upper_colorado/experiments/simulations/MSWX_3h_Snow_Project3_pp_upper_colorado_1yr_100hru_100bh_bug_checking/postprocess/hrus/1449.tif': No such file or directory
ln: failed to create symbolic link '/scratch/alpine/battobrah@xsede.org/Rice_NMT_Snow/upper_colorado/experiments/simulations/MSWX_3h_Snow_Project3_pp_upper_colorado_1yr_100hru_100bh_bug_checking/postprocess/hand/1127.tif': No such file or directory
ln: failed to create symbolic link '/scratch/alpine/battobrah@xsede.org/Rice_NMT_Snow/upper_colorado/experiments/simulations/MSWX_3h_Snow_Project3_pp_upper_colorado_1yr_100hru_100bh_bug_checking/postprocess/basins/1127.tif': No such file or directory
ln: failed to create symbolic link '/scratch/alpine/battobrah@xsede.org/Rice_NMT_Snow/upper_colorado/experiments/simulations/MSWX_3h_Snow_Project3_pp_upper_colorado_1yr_100hru_100bh_bug_checking/postprocess/basin_clusters/1127.tif': No such file or directory
ln: failed to create symbolic link '/scratch/alpine/battobrah@xsede.org/Rice_NMT_Snow/upper_colorado/experiments/simulations/MSWX_3h_Snow_Project3_pp_upper_colorado_1yr_100hru_100bh_bug_checking/postprocess/hrus/1287.tif': No such file or directory
ln: failed to create symbolic link '/scratch/alpine/battobrah@xsede.org/Rice_NMT_Snow/upper_colorado/experiments/simulations/MSWX_3h_Snow_Project3_pp_upper_colorado_1yr_100hru_100bh_bug_checking/postprocess/hand/1443.tif': No such file or directory
ln: failed to create symbolic link '/scratch/alpine/battobrah@xsede.org/Rice_NMT_Snow/upper_colorado/experiments/simulations/MSWX_3h_Snow_Project3_pp_upper_colorado_1yr_100hru_100bh_bug_checking/postprocess/basins/1443.tif': No such file or directory
ln: failed to create symbolic link '/scratch/alpine/battobrah@xsede.org/Rice_NMT_Snow/upper_colorado/experiments/simulations/MSWX_3h_Snow_Project3_pp_upper_colorado_1yr_100hru_100bh_bug_checking/postprocess/basin_clusters/1443.tif': No such file or directory
ln: failed to create symbolic link '/scratch/alpine/battobrah@xsede.org/Rice_NMT_Snow/upper_colorado/experiments/simulations/MSWX_3h_Snow_Project3_pp_upper_colorado_1yr_100hru_100bh_bug_checking/postprocess/hand/1444.tif': No such file or directory
ln: failed to create symbolic link '/scratch/alpine/battobrah@xsede.org/Rice_NMT_Snow/upper_colorado/experiments/simulations/MSWX_3h_Snow_Project3_pp_upper_colorado_1yr_100hru_100bh_bug_checking/postprocess/basins/1444.tif': No such file or directory
ln: failed to create symbolic link '/scratch/alpine/battobrah@xsede.org/Rice_NMT_Snow/upper_colorado/experiments/simulations/MSWX_3h_Snow_Project3_pp_upper_colorado_1yr_100hru_100bh_bug_checking/postprocess/basin_clusters/1444.tif': No such file or directory
ln: failed to create symbolic link '/scratch/alpine/battobrah@xsede.org/Rice_NMT_Snow/upper_colorado/experiments/simulations/MSWX_3h_Snow_Project3_pp_upper_colorado_1yr_100hru_100bh_bug_checking/postprocess/hand/1285.tif': No such file or directory
ln: failed to create symbolic link '/scratch/alpine/battobrah@xsede.org/Rice_NMT_Snow/upper_colorado/experiments/simulations/MSWX_3h_Snow_Project3_pp_upper_colorado_1yr_100hru_100bh_bug_checking/postprocess/basins/1285.tif': No such file or directory
ln: failed to create symbolic link '/scratch/alpine/battobrah@xsede.org/Rice_NMT_Snow/upper_colorado/experiments/simulations/MSWX_3h_Snow_Project3_pp_upper_colorado_1yr_100hru_100bh_bug_checking/postprocess/basin_clusters/1285.tif': No such file or directory
ln: failed to create symbolic link '/scratch/alpine/battobrah@xsede.org/Rice_NMT_Snow/upper_colorado/experiments/simulations/MSWX_3h_Snow_Project3_pp_upper_colorado_1yr_100hru_100bh_bug_checking/postprocess/hrus/1445.tif': No such file or directory
ln: failed to create symbolic link '/scratch/alpine/battobrah@xsede.org/Rice_NMT_Snow/upper_colorado/experiments/simulations/MSWX_3h_Snow_Project3_pp_upper_colorado_1yr_100hru_100bh_bug_checking/postprocess/hand/1441.tif': No such file or directory
ln: failed to create symbolic link '/scratch/alpine/battobrah@xsede.org/Rice_NMT_Snow/upper_colorado/experiments/simulations/MSWX_3h_Snow_Project3_pp_upper_colorado_1yr_100hru_100bh_bug_checking/postprocess/basins/1441.tif': No such file or directory
ln: failed to create symbolic link '/scratch/alpine/battobrah@xsede.org/Rice_NMT_Snow/upper_colorado/experiments/simulations/MSWX_3h_Snow_Project3_pp_upper_colorado_1yr_100hru_100bh_bug_checking/postprocess/basin_clusters/1441.tif': No such file or directory
ln: failed to create symbolic link '/scratch/alpine/battobrah@xsede.org/Rice_NMT_Snow/upper_colorado/experiments/simulations/MSWX_3h_Snow_Project3_pp_upper_colorado_1yr_100hru_100bh_bug_checking/postprocess/hand/1442.tif': No such file or directory
rm: cannot remove '/scratch/alpine/battobrah@xsede.org/Rice_NMT_Snow/upper_colorado/experiments/simulations/MSWX_3h_Snow_Project3_pp_upper_colorado_1yr_100hru_100bh_bug_checking/postprocess/dem': Directory not empty
ln: failed to create symbolic link '/scratch/alpine/battobrah@xsede.org/Rice_NMT_Snow/upper_colorado/experiments/simulations/MSWX_3h_Snow_Project3_pp_upper_colorado_1yr_100hru_100bh_bug_checking/postprocess/basins/1442.tif': No such file or directory
ln: failed to create symbolic link '/scratch/alpine/battobrah@xsede.org/Rice_NMT_Snow/upper_colorado/experiments/simulations/MSWX_3h_Snow_Project3_pp_upper_colorado_1yr_100hru_100bh_bug_checking/postprocess/basin_clusters/1442.tif': No such file or directory
ln: failed to create symbolic link '/scratch/alpine/battobrah@xsede.org/Rice_NMT_Snow/upper_colorado/experiments/simulations/MSWX_3h_Snow_Project3_pp_upper_colorado_1yr_100hru_100bh_bug_checking/postprocess/hand/1296.tif': No such file or directory
ln: failed to create symbolic link '/scratch/alpine/battobrah@xsede.org/Rice_NMT_Snow/upper_colorado/experiments/simulations/MSWX_3h_Snow_Project3_pp_upper_colorado_1yr_100hru_100bh_bug_checking/postprocess/basins/1296.tif': No such file or directory
ln: failed to create symbolic link '/scratch/alpine/battobrah@xsede.org/Rice_NMT_Snow/upper_colorado/experiments/simulations/MSWX_3h_Snow_Project3_pp_upper_colorado_1yr_100hru_100bh_bug_checking/postprocess/basin_clusters/1296.tif': No such file or directory
ln: failed to create symbolic link '/scratch/alpine/battobrah@xsede.org/Rice_NMT_Snow/upper_colorado/experiments/simulations/MSWX_3h_Snow_Project3_pp_upper_colorado_1yr_100hru_100bh_bug_checking/postprocess/hrus/1456.tif': No such file or directory
rm: cannot remove '/scratch/alpine/battobrah@xsede.org/Rice_NMT_Snow/upper_colorado/experiments/simulations/MSWX_3h_Snow_Project3_pp_upper_colorado_1yr_100hru_100bh_bug_checking/postprocess/dem': Directory not empty
rm: cannot remove '/scratch/alpine/battobrah@xsede.org/Rice_NMT_Snow/upper_colorado/experiments/simulations/MSWX_3h_Snow_Project3_pp_upper_colorado_1yr_100hru_100bh_bug_checking/postprocess/dem': Directory not empty
rm: cannot remove '/scratch/alpine/battobrah@xsede.org/Rice_NMT_Snow/upper_colorado/experiments/simulations/MSWX_3h_Snow_Project3_pp_upper_colorado_1yr_100hru_100bh_bug_checking/postprocess/dem': Directory not empty
rm: cannot remove '/scratch/alpine/battobrah@xsede.org/Rice_NMT_Snow/upper_colorado/experiments/simulations/MSWX_3h_Snow_Project3_pp_upper_colorado_1yr_100hru_100bh_bug_checking/postprocess/dem': Directory not empty
rm: cannot remove '/scratch/alpine/battobrah@xsede.org/Rice_NMT_Snow/upper_colorado/experiments/simulations/MSWX_3h_Snow_Project3_pp_upper_colorado_1yr_100hru_100bh_bug_checking/postprocess/dem': Directory not empty
rm: cannot remove '/scratch/alpine/battobrah@xsede.org/Rice_NMT_Snow/upper_colorado/experiments/simulations/MSWX_3h_Snow_Project3_pp_upper_colorado_1yr_100hru_100bh_bug_checking/postprocess/dem': Directory not empty
rm: cannot remove '/scratch/alpine/battobrah@xsede.org/Rice_NMT_Snow/upper_colorado/experiments/simulations/MSWX_3h_Snow_Project3_pp_upper_colorado_1yr_100hru_100bh_bug_checking/postprocess/dem': Directory not empty
rm: cannot remove '/scratch/alpine/battobrah@xsede.org/Rice_NMT_Snow/upper_colorado/experiments/simulations/MSWX_3h_Snow_Project3_pp_upper_colorado_1yr_100hru_100bh_bug_checking/postprocess/dem': Directory not empty
rm: cannot remove '/scratch/alpine/battobrah@xsede.org/Rice_NMT_Snow/upper_colorado/experiments/simulations/MSWX_3h_Snow_Project3_pp_upper_colorado_1yr_100hru_100bh_bug_checking/postprocess/dem': Directory not empty
rm: cannot remove '/scratch/alpine/battobrah@xsede.org/Rice_NMT_Snow/upper_colorado/experiments/simulations/MSWX_3h_Snow_Project3_pp_upper_colorado_1yr_100hru_100bh_bug_checking/postprocess/dem': Directory not empty
rm: cannot remove '/scratch/alpine/battobrah@xsede.org/Rice_NMT_Snow/upper_colorado/experiments/simulations/MSWX_3h_Snow_Project3_pp_upper_colorado_1yr_100hru_100bh_bug_checking/postprocess/cids_org': Directory not empty
rm: cannot remove '/scratch/alpine/battobrah@xsede.org/Rice_NMT_Snow/upper_colorado/experiments/simulations/MSWX_3h_Snow_Project3_pp_upper_colorado_1yr_100hru_100bh_bug_checking/postprocess/cids_org': Directory not empty
rm: cannot remove '/scratch/alpine/battobrah@xsede.org/Rice_NMT_Snow/upper_colorado/experiments/simulations/MSWX_3h_Snow_Project3_pp_upper_colorado_1yr_100hru_100bh_bug_checking/postprocess/cids_org': Directory not empty
rm: cannot remove '/scratch/alpine/battobrah@xsede.org/Rice_NMT_Snow/upper_colorado/experiments/simulations/MSWX_3h_Snow_Project3_pp_upper_colorado_1yr_100hru_100bh_bug_checking/postprocess/cids_org': Directory not empty
rm: cannot remove '/scratch/alpine/battobrah@xsede.org/Rice_NMT_Snow/upper_colorado/experiments/simulations/MSWX_3h_Snow_Project3_pp_upper_colorado_1yr_100hru_100bh_bug_checking/postprocess/channels': Directory not empty
rm: cannot remove '/scratch/alpine/battobrah@xsede.org/Rice_NMT_Snow/upper_colorado/experiments/simulations/MSWX_3h_Snow_Project3_pp_upper_colorado_1yr_100hru_100bh_bug_checking/postprocess/channels': Directory not empty
rm: cannot remove '/scratch/alpine/battobrah@xsede.org/Rice_NMT_Snow/upper_colorado/experiments/simulations/MSWX_3h_Snow_Project3_pp_upper_colorado_1yr_100hru_100bh_bug_checking/postprocess/dem': Directory not empty
ln: ln: failed to create symbolic link '/scratch/alpine/battobrah@xsede.org/Rice_NMT_Snow/upper_colorado/experiments/simulations/MSWX_3h_Snow_Project3_pp_upper_colorado_1yr_100hru_100bh_bug_checking/postprocess/cids_org/968.tif': No such file or directory
ln: failed to create symbolic link '/scratch/alpine/battobrah@xsede.org/Rice_NMT_Snow/upper_colorado/experiments/simulations/MSWX_3h_Snow_Project3_pp_upper_colorado_1yr_100hru_100bh_bug_checking/postprocess/cids_org/1449.tif': No such file or directory
ln: failed to create symbolic link '/scratch/alpine/battobrah@xsede.org/Rice_NMT_Snow/upper_colorado/experiments/simulations/MSWX_3h_Snow_Project3_pp_upper_colorado_1yr_100hru_100bh_bug_checking/postprocess/cids_org/1450.tif': No such file or directory
failed to create symbolic link '/scratch/alpine/battobrah@xsede.org/Rice_NMT_Snow/upper_colorado/experiments/simulations/MSWX_3h_Snow_Project3_pp_upper_colorado_1yr_100hru_100bh_bug_checking/postprocess/cids_org/1446.tif': No such file or directory
rm: cannot remove '/scratch/alpine/battobrah@xsede.org/Rice_NMT_Snow/upper_colorado/experiments/simulations/MSWX_3h_Snow_Project3_pp_upper_colorado_1yr_100hru_100bh_bug_checking/postprocess/dem': Directory not empty
rm: cannot remove '/scratch/alpine/battobrah@xsede.org/Rice_NMT_Snow/upper_colorado/experiments/simulations/MSWX_3h_Snow_Project3_pp_upper_colorado_1yr_100hru_100bh_bug_checking/postprocess/dem': Directory not empty
ln: failed to create symbolic link '/scratch/alpine/battobrah@xsede.org/Rice_NMT_Snow/upper_colorado/experiments/simulations/MSWX_3h_Snow_Project3_pp_upper_colorado_1yr_100hru_100bh_bug_checking/postprocess/cids_org/1445.tif': No such file or directory
ln: failed to create symbolic link '/scratch/alpine/battobrah@xsede.org/Rice_NMT_Snow/upper_colorado/experiments/simulations/MSWX_3h_Snow_Project3_pp_upper_colorado_1yr_100hru_100bh_bug_checking/postprocess/hand/1287.tif': No such file or directory
rm: cannot remove '/scratch/alpine/battobrah@xsede.org/Rice_NMT_Snow/upper_colorado/experiments/simulations/MSWX_3h_Snow_Project3_pp_upper_colorado_1yr_100hru_100bh_bug_checking/postprocess/dem': Directory not empty
rm: cannot remove '/scratch/alpine/battobrah@xsede.org/Rice_NMT_Snow/upper_colorado/experiments/simulations/MSWX_3h_Snow_Project3_pp_upper_colorado_1yr_100hru_100bh_bug_checking/postprocess/dem': Directory not empty
rm: cannot remove '/scratch/alpine/battobrah@xsede.org/Rice_NMT_Snow/upper_colorado/experiments/simulations/MSWX_3h_Snow_Project3_pp_upper_colorado_1yr_100hru_100bh_bug_checking/postprocess/dem': Directory not empty
ln: failed to create symbolic link '/scratch/alpine/battobrah@xsede.org/Rice_NMT_Snow/upper_colorado/experiments/simulations/MSWX_3h_Snow_Project3_pp_upper_colorado_1yr_100hru_100bh_bug_checking/postprocess/cids_org/1455.tif': No such file or directory
rm: cannot remove '/scratch/alpine/battobrah@xsede.org/Rice_NMT_Snow/upper_colorado/experiments/simulations/MSWX_3h_Snow_Project3_pp_upper_colorado_1yr_100hru_100bh_bug_checking/postprocess/dem': Directory not empty
rm: cannot remove '/scratch/alpine/battobrah@xsede.org/Rice_NMT_Snow/upper_colorado/experiments/simulations/MSWX_3h_Snow_Project3_pp_upper_colorado_1yr_100hru_100bh_bug_checking/postprocess/dem': Directory not empty
rm: cannot remove '/scratch/alpine/battobrah@xsede.org/Rice_NMT_Snow/upper_colorado/experiments/simulations/MSWX_3h_Snow_Project3_pp_upper_colorado_1yr_100hru_100bh_bug_checking/postprocess/dem': Directory not empty
rm: cannot remove '/scratch/alpine/battobrah@xsede.org/Rice_NMT_Snow/upper_colorado/experiments/simulations/MSWX_3h_Snow_Project3_pp_upper_colorado_1yr_100hru_100bh_bug_checking/postprocess/dem': Directory not empty
ln: failed to create symbolic link '/scratch/alpine/battobrah@xsede.org/Rice_NMT_Snow/upper_colorado/experiments/simulations/MSWX_3h_Snow_Project3_pp_upper_colorado_1yr_100hru_100bh_bug_checking/postprocess/basins/1287.tif': No such file or directory
rm: cannot remove '/scratch/alpine/battobrah@xsede.org/Rice_NMT_Snow/upper_colorado/experiments/simulations/MSWX_3h_Snow_Project3_pp_upper_colorado_1yr_100hru_100bh_bug_checking/postprocess/dem': Directory not empty
ln: failed to create symbolic link '/scratch/alpine/battobrah@xsede.org/Rice_NMT_Snow/upper_colorado/experiments/simulations/MSWX_3h_Snow_Project3_pp_upper_colorado_1yr_100hru_100bh_bug_checking/postprocess/basin_clusters/1287.tif': No such file or directory
ln: failed to create symbolic link '/scratch/alpine/battobrah@xsede.org/Rice_NMT_Snow/upper_colorado/experiments/simulations/MSWX_3h_Snow_Project3_pp_upper_colorado_1yr_100hru_100bh_bug_checking/postprocess/hrus/1447.tif': No such file or directory
ln: failed to create symbolic link '/scratch/alpine/battobrah@xsede.org/Rice_NMT_Snow/upper_colorado/experiments/simulations/MSWX_3h_Snow_Project3_pp_upper_colorado_1yr_100hru_100bh_bug_checking/postprocess/hand/1455.tif': No such file or directory
ln: failed to create symbolic link '/scratch/alpine/battobrah@xsede.org/Rice_NMT_Snow/upper_colorado/experiments/simulations/MSWX_3h_Snow_Project3_pp_upper_colorado_1yr_100hru_100bh_bug_checking/postprocess/basins/1455.tif': No such file or directory
ln: failed to create symbolic link '/scratch/alpine/battobrah@xsede.org/Rice_NMT_Snow/upper_colorado/experiments/simulations/MSWX_3h_Snow_Project3_pp_upper_colorado_1yr_100hru_100bh_bug_checking/postprocess/basin_clusters/1455.tif': No such file or directory
ln: failed to create symbolic link '/scratch/alpine/battobrah@xsede.org/Rice_NMT_Snow/upper_colorado/experiments/simulations/MSWX_3h_Snow_Project3_pp_upper_colorado_1yr_100hru_100bh_bug_checking/postprocess/hand/1449.tif': No such file or directory
ln: failed to create symbolic link '/scratch/alpine/battobrah@xsede.org/Rice_NMT_Snow/upper_colorado/experiments/simulations/MSWX_3h_Snow_Project3_pp_upper_colorado_1yr_100hru_100bh_bug_checking/postprocess/basins/1449.tif': No such file or directory
ln: failed to create symbolic link '/scratch/alpine/battobrah@xsede.org/Rice_NMT_Snow/upper_colorado/experiments/simulations/MSWX_3h_Snow_Project3_pp_upper_colorado_1yr_100hru_100bh_bug_checking/postprocess/basin_clusters/1449.tif': No such file or directory
ln: failed to create symbolic link '/scratch/alpine/battobrah@xsede.org/Rice_NMT_Snow/upper_colorado/experiments/simulations/MSWX_3h_Snow_Project3_pp_upper_colorado_1yr_100hru_100bh_bug_checking/postprocess/hand/1450.tif': No such file or directory
ln: failed to create symbolic link '/scratch/alpine/battobrah@xsede.org/Rice_NMT_Snow/upper_colorado/experiments/simulations/MSWX_3h_Snow_Project3_pp_upper_colorado_1yr_100hru_100bh_bug_checking/postprocess/basins/1450.tif': No such file or directory
ln: failed to create symbolic link '/scratch/alpine/battobrah@xsede.org/Rice_NMT_Snow/upper_colorado/experiments/simulations/MSWX_3h_Snow_Project3_pp_upper_colorado_1yr_100hru_100bh_bug_checking/postprocess/basin_clusters/1450.tif': No such file or directory
ln: failed to create symbolic link '/scratch/alpine/battobrah@xsede.org/Rice_NMT_Snow/upper_colorado/experiments/simulations/MSWX_3h_Snow_Project3_pp_upper_colorado_1yr_100hru_100bh_bug_checking/postprocess/hand/968.tif': No such file or directory
ln: failed to create symbolic link '/scratch/alpine/battobrah@xsede.org/Rice_NMT_Snow/upper_colorado/experiments/simulations/MSWX_3h_Snow_Project3_pp_upper_colorado_1yr_100hru_100bh_bug_checking/postprocess/basins/968.tif': No such file or directory
ln: failed to create symbolic link '/scratch/alpine/battobrah@xsede.org/Rice_NMT_Snow/upper_colorado/experiments/simulations/MSWX_3h_Snow_Project3_pp_upper_colorado_1yr_100hru_100bh_bug_checking/postprocess/basin_clusters/968.tif': No such file or directory
ln: failed to create symbolic link '/scratch/alpine/battobrah@xsede.org/Rice_NMT_Snow/upper_colorado/experiments/simulations/MSWX_3h_Snow_Project3_pp_upper_colorado_1yr_100hru_100bh_bug_checking/postprocess/hrus/1128.tif': No such file or directory
ln: failed to create symbolic link '/scratch/alpine/battobrah@xsede.org/Rice_NMT_Snow/upper_colorado/experiments/simulations/MSWX_3h_Snow_Project3_pp_upper_colorado_1yr_100hru_100bh_bug_checking/postprocess/cids_org/1456.tif': No such file or directory
ln: failed to create symbolic link '/scratch/alpine/battobrah@xsede.org/Rice_NMT_Snow/upper_colorado/experiments/simulations/MSWX_3h_Snow_Project3_pp_upper_colorado_1yr_100hru_100bh_bug_checking/postprocess/hand/1445.tif': No such file or directory
ln: failed to create symbolic link '/scratch/alpine/battobrah@xsede.org/Rice_NMT_Snow/upper_colorado/experiments/simulations/MSWX_3h_Snow_Project3_pp_upper_colorado_1yr_100hru_100bh_bug_checking/postprocess/basins/1445.tif': No such file or directory
ln: failed to create symbolic link '/scratch/alpine/battobrah@xsede.org/Rice_NMT_Snow/upper_colorado/experiments/simulations/MSWX_3h_Snow_Project3_pp_upper_colorado_1yr_100hru_100bh_bug_checking/postprocess/basin_clusters/1445.tif': No such file or directory
rm: cannot remove '/scratch/alpine/battobrah@xsede.org/Rice_NMT_Snow/upper_colorado/experiments/simulations/MSWX_3h_Snow_Project3_pp_upper_colorado_1yr_100hru_100bh_bug_checking/postprocess/dem': Directory not empty
rm: cannot remove '/scratch/alpine/battobrah@xsede.org/Rice_NMT_Snow/upper_colorado/experiments/simulations/MSWX_3h_Snow_Project3_pp_upper_colorado_1yr_100hru_100bh_bug_checking/postprocess/dem': Directory not empty
rm: cannot remove '/scratch/alpine/battobrah@xsede.org/Rice_NMT_Snow/upper_colorado/experiments/simulations/MSWX_3h_Snow_Project3_pp_upper_colorado_1yr_100hru_100bh_bug_checking/postprocess/dem': Directory not empty
rm: cannot remove '/scratch/alpine/battobrah@xsede.org/Rice_NMT_Snow/upper_colorado/experiments/simulations/MSWX_3h_Snow_Project3_pp_upper_colorado_1yr_100hru_100bh_bug_checking/postprocess/dem': Directory not empty
rm: cannot remove '/scratch/alpine/battobrah@xsede.org/Rice_NMT_Snow/upper_colorado/experiments/simulations/MSWX_3h_Snow_Project3_pp_upper_colorado_1yr_100hru_100bh_bug_checking/postprocess/dem': Directory not empty
rm: cannot remove '/scratch/alpine/battobrah@xsede.org/Rice_NMT_Snow/upper_colorado/experiments/simulations/MSWX_3h_Snow_Project3_pp_upper_colorado_1yr_100hru_100bh_bug_checking/postprocess/dem': Directory not empty
rm: cannot remove '/scratch/alpine/battobrah@xsede.org/Rice_NMT_Snow/upper_colorado/experiments/simulations/MSWX_3h_Snow_Project3_pp_upper_colorado_1yr_100hru_100bh_bug_checking/postprocess/dem': Directory not empty
rm: cannot remove '/scratch/alpine/battobrah@xsede.org/Rice_NMT_Snow/upper_colorado/experiments/simulations/MSWX_3h_Snow_Project3_pp_upper_colorado_1yr_100hru_100bh_bug_checking/postprocess/dem': Directory not empty
ln: failed to create symbolic link '/scratch/alpine/battobrah@xsede.org/Rice_NMT_Snow/upper_colorado/experiments/simulations/MSWX_3h_Snow_Project3_pp_upper_colorado_1yr_100hru_100bh_bug_checking/postprocess/hand/1446.tif': No such file or directory
rm: cannot remove '/scratch/alpine/battobrah@xsede.org/Rice_NMT_Snow/upper_colorado/experiments/simulations/MSWX_3h_Snow_Project3_pp_upper_colorado_1yr_100hru_100bh_bug_checking/postprocess/dem': Directory not empty
rm: cannot remove '/scratch/alpine/battobrah@xsede.org/Rice_NMT_Snow/upper_colorado/experiments/simulations/MSWX_3h_Snow_Project3_pp_upper_colorado_1yr_100hru_100bh_bug_checking/postprocess/dem': Directory not empty
rm: cannot remove '/scratch/alpine/battobrah@xsede.org/Rice_NMT_Snow/upper_colorado/experiments/simulations/MSWX_3h_Snow_Project3_pp_upper_colorado_1yr_100hru_100bh_bug_checking/postprocess/dem': Directory not empty
rm: cannot remove '/scratch/alpine/battobrah@xsede.org/Rice_NMT_Snow/upper_colorado/experiments/simulations/MSWX_3h_Snow_Project3_pp_upper_colorado_1yr_100hru_100bh_bug_checking/postprocess/dem': Directory not empty
ln: failed to create symbolic link '/scratch/alpine/battobrah@xsede.org/Rice_NMT_Snow/upper_colorado/experiments/simulations/MSWX_3h_Snow_Project3_pp_upper_colorado_1yr_100hru_100bh_bug_checking/postprocess/basins/1446.tif': No such file or directory
ln: failed to create symbolic link '/scratch/alpine/battobrah@xsede.org/Rice_NMT_Snow/upper_colorado/experiments/simulations/MSWX_3h_Snow_Project3_pp_upper_colorado_1yr_100hru_100bh_bug_checking/postprocess/cids_org/1128.tif': No such file or directory
rm: cannot remove '/scratch/alpine/battobrah@xsede.org/Rice_NMT_Snow/upper_colorado/experiments/simulations/MSWX_3h_Snow_Project3_pp_upper_colorado_1yr_100hru_100bh_bug_checking/postprocess/dem': Directory not empty
rm: cannot remove '/scratch/alpine/battobrah@xsede.org/Rice_NMT_Snow/upper_colorado/experiments/simulations/MSWX_3h_Snow_Project3_pp_upper_colorado_1yr_100hru_100bh_bug_checking/postprocess/dem': Directory not empty
rm: cannot remove '/scratch/alpine/battobrah@xsede.org/Rice_NMT_Snow/upper_colorado/experiments/simulations/MSWX_3h_Snow_Project3_pp_upper_colorado_1yr_100hru_100bh_bug_checking/postprocess/dem': Directory not empty
rm: cannot remove '/scratch/alpine/battobrah@xsede.org/Rice_NMT_Snow/upper_colorado/experiments/simulations/MSWX_3h_Snow_Project3_pp_upper_colorado_1yr_100hru_100bh_bug_checking/postprocess/dem': Directory not empty
ln: failed to create symbolic link '/scratch/alpine/battobrah@xsede.org/Rice_NMT_Snow/upper_colorado/experiments/simulations/MSWX_3h_Snow_Project3_pp_upper_colorado_1yr_100hru_100bh_bug_checking/postprocess/basin_clusters/1446.tif': No such file or directory
ln: failed to create symbolic link '/scratch/alpine/battobrah@xsede.org/Rice_NMT_Snow/upper_colorado/experiments/simulations/MSWX_3h_Snow_Project3_pp_upper_colorado_1yr_100hru_100bh_bug_checking/postprocess/cids_org/1447.tif': No such file or directory
ln: failed to create symbolic link '/scratch/alpine/battobrah@xsede.org/Rice_NMT_Snow/upper_colorado/experiments/simulations/MSWX_3h_Snow_Project3_pp_upper_colorado_1yr_100hru_100bh_bug_checking/postprocess/hand/1128.tif': No such file or directory
ln: failed to create symbolic link '/scratch/alpine/battobrah@xsede.org/Rice_NMT_Snow/upper_colorado/experiments/simulations/MSWX_3h_Snow_Project3_pp_upper_colorado_1yr_100hru_100bh_bug_checking/postprocess/basins/1128.tif': No such file or directory
ln: failed to create symbolic link '/scratch/alpine/battobrah@xsede.org/Rice_NMT_Snow/upper_colorado/experiments/simulations/MSWX_3h_Snow_Project3_pp_upper_colorado_1yr_100hru_100bh_bug_checking/postprocess/basin_clusters/1128.tif': No such file or directory
ln: failed to create symbolic link '/scratch/alpine/battobrah@xsede.org/Rice_NMT_Snow/upper_colorado/experiments/simulations/MSWX_3h_Snow_Project3_pp_upper_colorado_1yr_100hru_100bh_bug_checking/postprocess/hand/1456.tif': No such file or directory
ln: failed to create symbolic link '/scratch/alpine/battobrah@xsede.org/Rice_NMT_Snow/upper_colorado/experiments/simulations/MSWX_3h_Snow_Project3_pp_upper_colorado_1yr_100hru_100bh_bug_checking/postprocess/hrus/1288.tif': No such file or directory
rm: cannot remove '/scratch/alpine/battobrah@xsede.org/Rice_NMT_Snow/upper_colorado/experiments/simulations/MSWX_3h_Snow_Project3_pp_upper_colorado_1yr_100hru_100bh_bug_checking/postprocess/dem': Directory not empty
ln: failed to create symbolic link '/scratch/alpine/battobrah@xsede.org/Rice_NMT_Snow/upper_colorado/experiments/simulations/MSWX_3h_Snow_Project3_pp_upper_colorado_1yr_100hru_100bh_bug_checking/postprocess/basins/1456.tif': No such file or directory
rm: cannot remove '/scratch/alpine/battobrah@xsede.org/Rice_NMT_Snow/upper_colorado/experiments/simulations/MSWX_3h_Snow_Project3_pp_upper_colorado_1yr_100hru_100bh_bug_checking/postprocess/dem': Directory not empty
ln: failed to create symbolic link '/scratch/alpine/battobrah@xsede.org/Rice_NMT_Snow/upper_colorado/experiments/simulations/MSWX_3h_Snow_Project3_pp_upper_colorado_1yr_100hru_100bh_bug_checking/postprocess/basin_clusters/1456.tif': No such file or directory
rm: cannot remove '/scratch/alpine/battobrah@xsede.org/Rice_NMT_Snow/upper_colorado/experiments/simulations/MSWX_3h_Snow_Project3_pp_upper_colorado_1yr_100hru_100bh_bug_checking/postprocess/dem': Directory not empty
rm: cannot remove '/scratch/alpine/battobrah@xsede.org/Rice_NMT_Snow/upper_colorado/experiments/simulations/MSWX_3h_Snow_Project3_pp_upper_colorado_1yr_100hru_100bh_bug_checking/postprocess/dem': Directory not empty
rm: cannot remove '/scratch/alpine/battobrah@xsede.org/Rice_NMT_Snow/upper_colorado/experiments/simulations/MSWX_3h_Snow_Project3_pp_upper_colorado_1yr_100hru_100bh_bug_checking/postprocess/dem': Directory not empty
rm: cannot remove '/scratch/alpine/battobrah@xsede.org/Rice_NMT_Snow/upper_colorado/experiments/simulations/MSWX_3h_Snow_Project3_pp_upper_colorado_1yr_100hru_100bh_bug_checking/postprocess/cids': Directory not empty
rm: cannot remove '/scratch/alpine/battobrah@xsede.org/Rice_NMT_Snow/upper_colorado/experiments/simulations/MSWX_3h_Snow_Project3_pp_upper_colorado_1yr_100hru_100bh_bug_checking/postprocess/cids': Directory not empty
rm: cannot remove '/scratch/alpine/battobrah@xsede.org/Rice_NMT_Snow/upper_colorado/experiments/simulations/MSWX_3h_Snow_Project3_pp_upper_colorado_1yr_100hru_100bh_bug_checking/postprocess/cids': Directory not empty
ln: failed to create symbolic link '/scratch/alpine/battobrah@xsede.org/Rice_NMT_Snow/upper_colorado/experiments/simulations/MSWX_3h_Snow_Project3_pp_upper_colorado_1yr_100hru_100bh_bug_checking/postprocess/hand/1447.tif': No such file or directory
rm: cannot remove '/scratch/alpine/battobrah@xsede.org/Rice_NMT_Snow/upper_colorado/experiments/simulations/MSWX_3h_Snow_Project3_pp_upper_colorado_1yr_100hru_100bh_bug_checking/postprocess/dem': Directory not empty
rm: cannot remove '/scratch/alpine/battobrah@xsede.org/Rice_NMT_Snow/upper_colorado/experiments/simulations/MSWX_3h_Snow_Project3_pp_upper_colorado_1yr_100hru_100bh_bug_checking/postprocess/dem': Directory not empty
rm: cannot remove '/scratch/alpine/battobrah@xsede.org/Rice_NMT_Snow/upper_colorado/experiments/simulations/MSWX_3h_Snow_Project3_pp_upper_colorado_1yr_100hru_100bh_bug_checking/postprocess/dem': Directory not empty
ln: failed to create symbolic link '/scratch/alpine/battobrah@xsede.org/Rice_NMT_Snow/upper_colorado/experiments/simulations/MSWX_3h_Snow_Project3_pp_upper_colorado_1yr_100hru_100bh_bug_checking/postprocess/basins/1447.tif': No such file or directory
rm: cannot remove '/scratch/alpine/battobrah@xsede.org/Rice_NMT_Snow/upper_colorado/experiments/simulations/MSWX_3h_Snow_Project3_pp_upper_colorado_1yr_100hru_100bh_bug_checking/postprocess/dem': Directory not empty
rm: cannot remove '/scratch/alpine/battobrah@xsede.org/Rice_NMT_Snow/upper_colorado/experiments/simulations/MSWX_3h_Snow_Project3_pp_upper_colorado_1yr_100hru_100bh_bug_checking/postprocess/dem': Directory not empty
rm: cannot remove '/scratch/alpine/battobrah@xsede.org/Rice_NMT_Snow/upper_colorado/experiments/simulations/MSWX_3h_Snow_Project3_pp_upper_colorado_1yr_100hru_100bh_bug_checking/postprocess/dem': Directory not empty
rm: cannot remove '/scratch/alpine/battobrah@xsede.org/Rice_NMT_Snow/upper_colorado/experiments/simulations/MSWX_3h_Snow_Project3_pp_upper_colorado_1yr_100hru_100bh_bug_checking/postprocess/cids': Directory not empty
rm: cannot remove '/scratch/alpine/battobrah@xsede.org/Rice_NMT_Snow/upper_colorado/experiments/simulations/MSWX_3h_Snow_Project3_pp_upper_colorado_1yr_100hru_100bh_bug_checking/postprocess/dem': Directory not empty
ln: failed to create symbolic link '/scratch/alpine/battobrah@xsede.org/Rice_NMT_Snow/upper_colorado/experiments/simulations/MSWX_3h_Snow_Project3_pp_upper_colorado_1yr_100hru_100bh_bug_checking/postprocess/basin_clusters/1447.tif': No such file or directory
rm: cannot remove '/scratch/alpine/battobrah@xsede.org/Rice_NMT_Snow/upper_colorado/experiments/simulations/MSWX_3h_Snow_Project3_pp_upper_colorado_1yr_100hru_100bh_bug_checking/postprocess/cids': Directory not empty
rm: cannot remove '/scratch/alpine/battobrah@xsede.org/Rice_NMT_Snow/upper_colorado/experiments/simulations/MSWX_3h_Snow_Project3_pp_upper_colorado_1yr_100hru_100bh_bug_checking/postprocess/cids': Directory not empty
rm: cannot remove '/scratch/alpine/battobrah@xsede.org/Rice_NMT_Snow/upper_colorado/experiments/simulations/MSWX_3h_Snow_Project3_pp_upper_colorado_1yr_100hru_100bh_bug_checking/postprocess/cids': Directory not empty
rm: cannot remove '/scratch/alpine/battobrah@xsede.org/Rice_NMT_Snow/upper_colorado/experiments/simulations/MSWX_3h_Snow_Project3_pp_upper_colorado_1yr_100hru_100bh_bug_checking/postprocess/cids': Directory not empty
rm: cannot remove '/scratch/alpine/battobrah@xsede.org/Rice_NMT_Snow/upper_colorado/experiments/simulations/MSWX_3h_Snow_Project3_pp_upper_colorado_1yr_100hru_100bh_bug_checking/postprocess/cids': Directory not empty
rm: cannot remove '/scratch/alpine/battobrah@xsede.org/Rice_NMT_Snow/upper_colorado/experiments/simulations/MSWX_3h_Snow_Project3_pp_upper_colorado_1yr_100hru_100bh_bug_checking/postprocess/cids': Directory not empty
rm: cannot remove '/scratch/alpine/battobrah@xsede.org/Rice_NMT_Snow/upper_colorado/experiments/simulations/MSWX_3h_Snow_Project3_pp_upper_colorado_1yr_100hru_100bh_bug_checking/postprocess/dem': Directory not empty
rm: cannot remove '/scratch/alpine/battobrah@xsede.org/Rice_NMT_Snow/upper_colorado/experiments/simulations/MSWX_3h_Snow_Project3_pp_upper_colorado_1yr_100hru_100bh_bug_checking/postprocess/dem': Directory not empty
rm: cannot remove '/scratch/alpine/battobrah@xsede.org/Rice_NMT_Snow/upper_colorado/experiments/simulations/MSWX_3h_Snow_Project3_pp_upper_colorado_1yr_100hru_100bh_bug_checking/postprocess/dem': Directory not empty
rm: cannot remove '/scratch/alpine/battobrah@xsede.org/Rice_NMT_Snow/upper_colorado/experiments/simulations/MSWX_3h_Snow_Project3_pp_upper_colorado_1yr_100hru_100bh_bug_checking/postprocess/dem': Directory not empty
rm: cannot remove '/scratch/alpine/battobrah@xsede.org/Rice_NMT_Snow/upper_colorado/experiments/simulations/MSWX_3h_Snow_Project3_pp_upper_colorado_1yr_100hru_100bh_bug_checking/postprocess/dem': Directory not empty
rm: cannot remove '/scratch/alpine/battobrah@xsede.org/Rice_NMT_Snow/upper_colorado/experiments/simulations/MSWX_3h_Snow_Project3_pp_upper_colorado_1yr_100hru_100bh_bug_checking/postprocess/dem': Directory not empty
rm: cannot remove '/scratch/alpine/battobrah@xsede.org/Rice_NMT_Snow/upper_colorado/experiments/simulations/MSWX_3h_Snow_Project3_pp_upper_colorado_1yr_100hru_100bh_bug_checking/postprocess/dem': Directory not empty
rm: cannot remove '/scratch/alpine/battobrah@xsede.org/Rice_NMT_Snow/upper_colorado/experiments/simulations/MSWX_3h_Snow_Project3_pp_upper_colorado_1yr_100hru_100bh_bug_checking/postprocess/dem': Directory not empty
rm: cannot remove '/scratch/alpine/battobrah@xsede.org/Rice_NMT_Snow/upper_colorado/experiments/simulations/MSWX_3h_Snow_Project3_pp_upper_colorado_1yr_100hru_100bh_bug_checking/postprocess/dem': Directory not empty
rm: cannot remove '/scratch/alpine/battobrah@xsede.org/Rice_NMT_Snow/upper_colorado/experiments/simulations/MSWX_3h_Snow_Project3_pp_upper_colorado_1yr_100hru_100bh_bug_checking/postprocess/dem': Directory not empty
rm: cannot remove '/scratch/alpine/battobrah@xsede.org/Rice_NMT_Snow/upper_colorado/experiments/simulations/MSWX_3h_Snow_Project3_pp_upper_colorado_1yr_100hru_100bh_bug_checking/postprocess/dem': Directory not empty
rm: cannot remove '/scratch/alpine/battobrah@xsede.org/Rice_NMT_Snow/upper_colorado/experiments/simulations/MSWX_3h_Snow_Project3_pp_upper_colorado_1yr_100hru_100bh_bug_checking/postprocess/dem': Directory not empty
rm: cannot remove '/scratch/alpine/battobrah@xsede.org/Rice_NMT_Snow/upper_colorado/experiments/simulations/MSWX_3h_Snow_Project3_pp_upper_colorado_1yr_100hru_100bh_bug_checking/postprocess/dem': Directory not empty
rm: cannot remove '/scratch/alpine/battobrah@xsede.org/Rice_NMT_Snow/upper_colorado/experiments/simulations/MSWX_3h_Snow_Project3_pp_upper_colorado_1yr_100hru_100bh_bug_checking/postprocess/dem': Directory not empty
rm: cannot remove '/scratch/alpine/battobrah@xsede.org/Rice_NMT_Snow/upper_colorado/experiments/simulations/MSWX_3h_Snow_Project3_pp_upper_colorado_1yr_100hru_100bh_bug_checking/postprocess/dem': Directory not empty
rm: cannot remove '/scratch/alpine/battobrah@xsede.org/Rice_NMT_Snow/upper_colorado/experiments/simulations/MSWX_3h_Snow_Project3_pp_upper_colorado_1yr_100hru_100bh_bug_checking/postprocess/dem': Directory not empty
rm: cannot remove '/scratch/alpine/battobrah@xsede.org/Rice_NMT_Snow/upper_colorado/experiments/simulations/MSWX_3h_Snow_Project3_pp_upper_colorado_1yr_100hru_100bh_bug_checking/postprocess/dem': Directory not empty
rm: cannot remove '/scratch/alpine/battobrah@xsede.org/Rice_NMT_Snow/upper_colorado/experiments/simulations/MSWX_3h_Snow_Project3_pp_upper_colorado_1yr_100hru_100bh_bug_checking/postprocess/dem': Directory not empty
rm: cannot remove '/scratch/alpine/battobrah@xsede.org/Rice_NMT_Snow/upper_colorado/experiments/simulations/MSWX_3h_Snow_Project3_pp_upper_colorado_1yr_100hru_100bh_bug_checking/postprocess/dem': Directory not empty
rm: cannot remove '/scratch/alpine/battobrah@xsede.org/Rice_NMT_Snow/upper_colorado/experiments/simulations/MSWX_3h_Snow_Project3_pp_upper_colorado_1yr_100hru_100bh_bug_checking/postprocess/cids_org': Is a directory
rm: cannot remove '/scratch/alpine/battobrah@xsede.org/Rice_NMT_Snow/upper_colorado/experiments/simulations/MSWX_3h_Snow_Project3_pp_upper_colorado_1yr_100hru_100bh_bug_checking/postprocess/dem': Directory not empty
rm: cannot remove '/scratch/alpine/battobrah@xsede.org/Rice_NMT_Snow/upper_colorado/experiments/simulations/MSWX_3h_Snow_Project3_pp_upper_colorado_1yr_100hru_100bh_bug_checking/postprocess/cids_org': Is a directory
rm: cannot remove '/scratch/alpine/battobrah@xsede.org/Rice_NMT_Snow/upper_colorado/experiments/simulations/MSWX_3h_Snow_Project3_pp_upper_colorado_1yr_100hru_100bh_bug_checking/postprocess/cids_org': Is a directory
rm: cannot remove '/scratch/alpine/battobrah@xsede.org/Rice_NMT_Snow/upper_colorado/experiments/simulations/MSWX_3h_Snow_Project3_pp_upper_colorado_1yr_100hru_100bh_bug_checking/postprocess/dem': Directory not empty
rm: cannot remove '/scratch/alpine/battobrah@xsede.org/Rice_NMT_Snow/upper_colorado/experiments/simulations/MSWX_3h_Snow_Project3_pp_upper_colorado_1yr_100hru_100bh_bug_checking/postprocess/dem': Directory not empty
rm: cannot remove '/scratch/alpine/battobrah@xsede.org/Rice_NMT_Snow/upper_colorado/experiments/simulations/MSWX_3h_Snow_Project3_pp_upper_colorado_1yr_100hru_100bh_bug_checking/postprocess/dem': Directory not empty
rm: cannot remove '/scratch/alpine/battobrah@xsede.org/Rice_NMT_Snow/upper_colorado/experiments/simulations/MSWX_3h_Snow_Project3_pp_upper_colorado_1yr_100hru_100bh_bug_checking/postprocess/dem': Directory not empty
rm: cannot remove '/scratch/alpine/battobrah@xsede.org/Rice_NMT_Snow/upper_colorado/experiments/simulations/MSWX_3h_Snow_Project3_pp_upper_colorado_1yr_100hru_100bh_bug_checking/postprocess/cids_org': Directory not empty
rm: cannot remove '/scratch/alpine/battobrah@xsede.org/Rice_NMT_Snow/upper_colorado/experiments/simulations/MSWX_3h_Snow_Project3_pp_upper_colorado_1yr_100hru_100bh_bug_checking/postprocess/dem': Directory not empty
rm: cannot remove '/scratch/alpine/battobrah@xsede.org/Rice_NMT_Snow/upper_colorado/experiments/simulations/MSWX_3h_Snow_Project3_pp_upper_colorado_1yr_100hru_100bh_bug_checking/postprocess/cids_org': Directory not empty
rm: cannot remove '/scratch/alpine/battobrah@xsede.org/Rice_NMT_Snow/upper_colorado/experiments/simulations/MSWX_3h_Snow_Project3_pp_upper_colorado_1yr_100hru_100bh_bug_checking/postprocess/cids_org': Directory not empty
rm: cannot remove '/scratch/alpine/battobrah@xsede.org/Rice_NMT_Snow/upper_colorado/experiments/simulations/MSWX_3h_Snow_Project3_pp_upper_colorado_1yr_100hru_100bh_bug_checking/postprocess/cids_org': Directory not empty
rm: cannot remove '/scratch/alpine/battobrah@xsede.org/Rice_NMT_Snow/upper_colorado/experiments/simulations/MSWX_3h_Snow_Project3_pp_upper_colorado_1yr_100hru_100bh_bug_checking/postprocess/cids_org': Directory not empty
rm: cannot remove '/scratch/alpine/battobrah@xsede.org/Rice_NMT_Snow/upper_colorado/experiments/simulations/MSWX_3h_Snow_Project3_pp_upper_colorado_1yr_100hru_100bh_bug_checking/postprocess/cids_org': Directory not empty
rm: cannot remove '/scratch/alpine/battobrah@xsede.org/Rice_NMT_Snow/upper_colorado/experiments/simulations/MSWX_3h_Snow_Project3_pp_upper_colorado_1yr_100hru_100bh_bug_checking/postprocess/dem': Directory not empty
rm: cannot remove '/scratch/alpine/battobrah@xsede.org/Rice_NMT_Snow/upper_colorado/experiments/simulations/MSWX_3h_Snow_Project3_pp_upper_colorado_1yr_100hru_100bh_bug_checking/postprocess/dem': Directory not empty
rm: cannot remove '/scratch/alpine/battobrah@xsede.org/Rice_NMT_Snow/upper_colorado/experiments/simulations/MSWX_3h_Snow_Project3_pp_upper_colorado_1yr_100hru_100bh_bug_checking/postprocess/dem': Directory not empty
rm: cannot remove '/scratch/alpine/battobrah@xsede.org/Rice_NMT_Snow/upper_colorado/experiments/simulations/MSWX_3h_Snow_Project3_pp_upper_colorado_1yr_100hru_100bh_bug_checking/postprocess/cids_org': Directory not empty
rm: cannot remove '/scratch/alpine/battobrah@xsede.org/Rice_NMT_Snow/upper_colorado/experiments/simulations/MSWX_3h_Snow_Project3_pp_upper_colorado_1yr_100hru_100bh_bug_checking/postprocess/dem': Directory not empty
ln: failed to create symbolic link '/scratch/alpine/battobrah@xsede.org/Rice_NMT_Snow/upper_colorado/experiments/simulations/MSWX_3h_Snow_Project3_pp_upper_colorado_1yr_100hru_100bh_bug_checking/postprocess/hand/1288.tif': No such file or directory
rm: cannot remove '/scratch/alpine/battobrah@xsede.org/Rice_NMT_Snow/upper_colorado/experiments/simulations/MSWX_3h_Snow_Project3_pp_upper_colorado_1yr_100hru_100bh_bug_checking/postprocess/cids_org': Directory not empty
rm: cannot remove '/scratch/alpine/battobrah@xsede.org/Rice_NMT_Snow/upper_colorado/experiments/simulations/MSWX_3h_Snow_Project3_pp_upper_colorado_1yr_100hru_100bh_bug_checking/postprocess/dem': Directory not empty
rm: cannot remove '/scratch/alpine/battobrah@xsede.org/Rice_NMT_Snow/upper_colorado/experiments/simulations/MSWX_3h_Snow_Project3_pp_upper_colorado_1yr_100hru_100bh_bug_checking/postprocess/dem': Directory not empty
rm: cannot remove '/scratch/alpine/battobrah@xsede.org/Rice_NMT_Snow/upper_colorado/experiments/simulations/MSWX_3h_Snow_Project3_pp_upper_colorado_1yr_100hru_100bh_bug_checking/postprocess/dem': Directory not empty
rm: cannot remove '/scratch/alpine/battobrah@xsede.org/Rice_NMT_Snow/upper_colorado/experiments/simulations/MSWX_3h_Snow_Project3_pp_upper_colorado_1yr_100hru_100bh_bug_checking/postprocess/cids_org': Directory not empty
rm: cannot remove '/scratch/alpine/battobrah@xsede.org/Rice_NMT_Snow/upper_colorado/experiments/simulations/MSWX_3h_Snow_Project3_pp_upper_colorado_1yr_100hru_100bh_bug_checking/postprocess/cids_org': Directory not empty
rm: cannot remove '/scratch/alpine/battobrah@xsede.org/Rice_NMT_Snow/upper_colorado/experiments/simulations/MSWX_3h_Snow_Project3_pp_upper_colorado_1yr_100hru_100bh_bug_checking/postprocess/cids_org': Directory not empty
rm: cannot remove '/scratch/alpine/battobrah@xsede.org/Rice_NMT_Snow/upper_colorado/experiments/simulations/MSWX_3h_Snow_Project3_pp_upper_colorado_1yr_100hru_100bh_bug_checking/postprocess/cids_org': Directory not empty
rm: cannot remove '/scratch/alpine/battobrah@xsede.org/Rice_NMT_Snow/upper_colorado/experiments/simulations/MSWX_3h_Snow_Project3_pp_upper_colorado_1yr_100hru_100bh_bug_checking/postprocess/dem': Directory not empty
rm: cannot remove '/scratch/alpine/battobrah@xsede.org/Rice_NMT_Snow/upper_colorado/experiments/simulations/MSWX_3h_Snow_Project3_pp_upper_colorado_1yr_100hru_100bh_bug_checking/postprocess/dem': Directory not empty
rm: cannot remove '/scratch/alpine/battobrah@xsede.org/Rice_NMT_Snow/upper_colorado/experiments/simulations/MSWX_3h_Snow_Project3_pp_upper_colorado_1yr_100hru_100bh_bug_checking/postprocess/dem': Directory not empty
rm: cannot remove '/scratch/alpine/battobrah@xsede.org/Rice_NMT_Snow/upper_colorado/experiments/simulations/MSWX_3h_Snow_Project3_pp_upper_colorado_1yr_100hru_100bh_bug_checking/postprocess/dem': Directory not empty
ln: failed to create symbolic link '/scratch/alpine/battobrah@xsede.org/Rice_NMT_Snow/upper_colorado/experiments/simulations/MSWX_3h_Snow_Project3_pp_upper_colorado_1yr_100hru_100bh_bug_checking/postprocess/basins/1288.tif': No such file or directory
rm: cannot remove '/scratch/alpine/battobrah@xsede.org/Rice_NMT_Snow/upper_colorado/experiments/simulations/MSWX_3h_Snow_Project3_pp_upper_colorado_1yr_100hru_100bh_bug_checking/postprocess/dem': Directory not empty
rm: cannot remove '/scratch/alpine/battobrah@xsede.org/Rice_NMT_Snow/upper_colorado/experiments/simulations/MSWX_3h_Snow_Project3_pp_upper_colorado_1yr_100hru_100bh_bug_checking/postprocess/dem': Directory not empty
rm: cannot remove '/scratch/alpine/battobrah@xsede.org/Rice_NMT_Snow/upper_colorado/experiments/simulations/MSWX_3h_Snow_Project3_pp_upper_colorado_1yr_100hru_100bh_bug_checking/postprocess/dem': Directory not empty
rm: cannot remove '/scratch/alpine/battobrah@xsede.org/Rice_NMT_Snow/upper_colorado/experiments/simulations/MSWX_3h_Snow_Project3_pp_upper_colorado_1yr_100hru_100bh_bug_checking/postprocess/dem': Directory not empty
rm: cannot remove '/scratch/alpine/battobrah@xsede.org/Rice_NMT_Snow/upper_colorado/experiments/simulations/MSWX_3h_Snow_Project3_pp_upper_colorado_1yr_100hru_100bh_bug_checking/postprocess/dem': Directory not empty
rm: cannot remove '/scratch/alpine/battobrah@xsede.org/Rice_NMT_Snow/upper_colorado/experiments/simulations/MSWX_3h_Snow_Project3_pp_upper_colorado_1yr_100hru_100bh_bug_checking/postprocess/dem': Directory not empty
rm: cannot remove '/scratch/alpine/battobrah@xsede.org/Rice_NMT_Snow/upper_colorado/experiments/simulations/MSWX_3h_Snow_Project3_pp_upper_colorado_1yr_100hru_100bh_bug_checking/postprocess/dem': Directory not empty
rm: cannot remove '/scratch/alpine/battobrah@xsede.org/Rice_NMT_Snow/upper_colorado/experiments/simulations/MSWX_3h_Snow_Project3_pp_upper_colorado_1yr_100hru_100bh_bug_checking/postprocess/dem': Directory not empty
rm: cannot remove '/scratch/alpine/battobrah@xsede.org/Rice_NMT_Snow/upper_colorado/experiments/simulations/MSWX_3h_Snow_Project3_pp_upper_colorado_1yr_100hru_100bh_bug_checking/postprocess/dem': Directory not empty
rm: cannot remove '/scratch/alpine/battobrah@xsede.org/Rice_NMT_Snow/upper_colorado/experiments/simulations/MSWX_3h_Snow_Project3_pp_upper_colorado_1yr_100hru_100bh_bug_checking/postprocess/dem': Directory not empty
rm: cannot remove '/scratch/alpine/battobrah@xsede.org/Rice_NMT_Snow/upper_colorado/experiments/simulations/MSWX_3h_Snow_Project3_pp_upper_colorado_1yr_100hru_100bh_bug_checking/postprocess/dem': Directory not empty
rm: cannot remove '/scratch/alpine/battobrah@xsede.org/Rice_NMT_Snow/upper_colorado/experiments/simulations/MSWX_3h_Snow_Project3_pp_upper_colorado_1yr_100hru_100bh_bug_checking/postprocess/cids_org': Is a directory
ln: failed to create symbolic link '/scratch/alpine/battobrah@xsede.org/Rice_NMT_Snow/upper_colorado/experiments/simulations/MSWX_3h_Snow_Project3_pp_upper_colorado_1yr_100hru_100bh_bug_checking/postprocess/basin_clusters/1288.tif': No such file or directory
rm: cannot remove '/scratch/alpine/battobrah@xsede.org/Rice_NMT_Snow/upper_colorado/experiments/simulations/MSWX_3h_Snow_Project3_pp_upper_colorado_1yr_100hru_100bh_bug_checking/postprocess/dem': Directory not empty
rm: cannot remove '/scratch/alpine/battobrah@xsede.org/Rice_NMT_Snow/upper_colorado/experiments/simulations/MSWX_3h_Snow_Project3_pp_upper_colorado_1yr_100hru_100bh_bug_checking/postprocess/dem': Directory not empty
rm: cannot remove '/scratch/alpine/battobrah@xsede.org/Rice_NMT_Snow/upper_colorado/experiments/simulations/MSWX_3h_Snow_Project3_pp_upper_colorado_1yr_100hru_100bh_bug_checking/postprocess/dem': Directory not empty
rm: cannot remove '/scratch/alpine/battobrah@xsede.org/Rice_NMT_Snow/upper_colorado/experiments/simulations/MSWX_3h_Snow_Project3_pp_upper_colorado_1yr_100hru_100bh_bug_checking/postprocess/dem': Directory not empty
rm: cannot remove '/scratch/alpine/battobrah@xsede.org/Rice_NMT_Snow/upper_colorado/experiments/simulations/MSWX_3h_Snow_Project3_pp_upper_colorado_1yr_100hru_100bh_bug_checking/postprocess/dem': Directory not empty
ln: failed to create symbolic link '/scratch/alpine/battobrah@xsede.org/Rice_NMT_Snow/upper_colorado/experiments/simulations/MSWX_3h_Snow_Project3_pp_upper_colorado_1yr_100hru_100bh_bug_checking/postprocess/hrus/1448.tif': No such file or directory
rm: cannot remove '/scratch/alpine/battobrah@xsede.org/Rice_NMT_Snow/upper_colorado/experiments/simulations/MSWX_3h_Snow_Project3_pp_upper_colorado_1yr_100hru_100bh_bug_checking/postprocess/dem': Directory not empty
rm: cannot remove '/scratch/alpine/battobrah@xsede.org/Rice_NMT_Snow/upper_colorado/experiments/simulations/MSWX_3h_Snow_Project3_pp_upper_colorado_1yr_100hru_100bh_bug_checking/postprocess/dem': Directory not empty
rm: cannot remove '/scratch/alpine/battobrah@xsede.org/Rice_NMT_Snow/upper_colorado/experiments/simulations/MSWX_3h_Snow_Project3_pp_upper_colorado_1yr_100hru_100bh_bug_checking/postprocess/dem': Directory not empty
rm: cannot remove '/scratch/alpine/battobrah@xsede.org/Rice_NMT_Snow/upper_colorado/experiments/simulations/MSWX_3h_Snow_Project3_pp_upper_colorado_1yr_100hru_100bh_bug_checking/postprocess/dem': Directory not empty
rm: cannot remove '/scratch/alpine/battobrah@xsede.org/Rice_NMT_Snow/upper_colorado/experiments/simulations/MSWX_3h_Snow_Project3_pp_upper_colorado_1yr_100hru_100bh_bug_checking/postprocess/dem': Directory not empty
rm: cannot remove '/scratch/alpine/battobrah@xsede.org/Rice_NMT_Snow/upper_colorado/experiments/simulations/MSWX_3h_Snow_Project3_pp_upper_colorado_1yr_100hru_100bh_bug_checking/postprocess/dem': Directory not empty
rm: cannot remove '/scratch/alpine/battobrah@xsede.org/Rice_NMT_Snow/upper_colorado/experiments/simulations/MSWX_3h_Snow_Project3_pp_upper_colorado_1yr_100hru_100bh_bug_checking/postprocess/cids': Is a directory
rm: cannot remove '/scratch/alpine/battobrah@xsede.org/Rice_NMT_Snow/upper_colorado/experiments/simulations/MSWX_3h_Snow_Project3_pp_upper_colorado_1yr_100hru_100bh_bug_checking/postprocess/cids': Is a directory
rm: cannot remove '/scratch/alpine/battobrah@xsede.org/Rice_NMT_Snow/upper_colorado/experiments/simulations/MSWX_3h_Snow_Project3_pp_upper_colorado_1yr_100hru_100bh_bug_checking/postprocess/cids': Is a directory
rm: cannot remove '/scratch/alpine/battobrah@xsede.org/Rice_NMT_Snow/upper_colorado/experiments/simulations/MSWX_3h_Snow_Project3_pp_upper_colorado_1yr_100hru_100bh_bug_checking/postprocess/cids': Is a directory
rm: cannot remove '/scratch/alpine/battobrah@xsede.org/Rice_NMT_Snow/upper_colorado/experiments/simulations/MSWX_3h_Snow_Project3_pp_upper_colorado_1yr_100hru_100bh_bug_checking/postprocess/cids': Is a directory
rm: cannot remove '/scratch/alpine/battobrah@xsede.org/Rice_NMT_Snow/upper_colorado/experiments/simulations/MSWX_3h_Snow_Project3_pp_upper_colorado_1yr_100hru_100bh_bug_checking/postprocess/cids': Is a directory
rm: cannot remove '/scratch/alpine/battobrah@xsede.org/Rice_NMT_Snow/upper_colorado/experiments/simulations/MSWX_3h_Snow_Project3_pp_upper_colorado_1yr_100hru_100bh_bug_checking/postprocess/cids': Is a directory
rm: cannot remove '/scratch/alpine/battobrah@xsede.org/Rice_NMT_Snow/upper_colorado/experiments/simulations/MSWX_3h_Snow_Project3_pp_upper_colorado_1yr_100hru_100bh_bug_checking/postprocess/channels': Directory not empty
rm: cannot remove '/scratch/alpine/battobrah@xsede.org/Rice_NMT_Snow/upper_colorado/experiments/simulations/MSWX_3h_Snow_Project3_pp_upper_colorado_1yr_100hru_100bh_bug_checking/postprocess/dem': Directory not empty
rm: cannot remove '/scratch/alpine/battobrah@xsede.org/Rice_NMT_Snow/upper_colorado/experiments/simulations/MSWX_3h_Snow_Project3_pp_upper_colorado_1yr_100hru_100bh_bug_checking/postprocess/dem': Directory not empty
rm: cannot remove '/scratch/alpine/battobrah@xsede.org/Rice_NMT_Snow/upper_colorado/experiments/simulations/MSWX_3h_Snow_Project3_pp_upper_colorado_1yr_100hru_100bh_bug_checking/postprocess/dem': Directory not empty
rm: cannot remove '/scratch/alpine/battobrah@xsede.org/Rice_NMT_Snow/upper_colorado/experiments/simulations/MSWX_3h_Snow_Project3_pp_upper_colorado_1yr_100hru_100bh_bug_checking/postprocess/cids': Is a directory
rm: cannot remove '/scratch/alpine/battobrah@xsede.org/Rice_NMT_Snow/upper_colorado/experiments/simulations/MSWX_3h_Snow_Project3_pp_upper_colorado_1yr_100hru_100bh_bug_checking/postprocess/cids': Is a directory
rm: cannot remove '/scratch/alpine/battobrah@xsede.org/Rice_NMT_Snow/upper_colorado/experiments/simulations/MSWX_3h_Snow_Project3_pp_upper_colorado_1yr_100hru_100bh_bug_checking/postprocess/cids': Is a directory
rm: cannot remove '/scratch/alpine/battobrah@xsede.org/Rice_NMT_Snow/upper_colorado/experiments/simulations/MSWX_3h_Snow_Project3_pp_upper_colorado_1yr_100hru_100bh_bug_checking/postprocess/cids': Is a directory
rm: cannot remove '/scratch/alpine/battobrah@xsede.org/Rice_NMT_Snow/upper_colorado/experiments/simulations/MSWX_3h_Snow_Project3_pp_upper_colorado_1yr_100hru_100bh_bug_checking/postprocess/cids': Is a directory
rm: cannot remove '/scratch/alpine/battobrah@xsede.org/Rice_NMT_Snow/upper_colorado/experiments/simulations/MSWX_3h_Snow_Project3_pp_upper_colorado_1yr_100hru_100bh_bug_checking/postprocess/dem': Directory not empty
rm: cannot remove '/scratch/alpine/battobrah@xsede.org/Rice_NMT_Snow/upper_colorado/experiments/simulations/MSWX_3h_Snow_Project3_pp_upper_colorado_1yr_100hru_100bh_bug_checking/postprocess/cids_org': Is a directory
rm: cannot remove '/scratch/alpine/battobrah@xsede.org/Rice_NMT_Snow/upper_colorado/experiments/simulations/MSWX_3h_Snow_Project3_pp_upper_colorado_1yr_100hru_100bh_bug_checking/postprocess/cids_org': Is a directory
rm: cannot remove '/scratch/alpine/battobrah@xsede.org/Rice_NMT_Snow/upper_colorado/experiments/simulations/MSWX_3h_Snow_Project3_pp_upper_colorado_1yr_100hru_100bh_bug_checking/postprocess/cids': Is a directory
rm: cannot remove '/scratch/alpine/battobrah@xsede.org/Rice_NMT_Snow/upper_colorado/experiments/simulations/MSWX_3h_Snow_Project3_pp_upper_colorado_1yr_100hru_100bh_bug_checking/postprocess/cids': Is a directory
rm: cannot remove '/scratch/alpine/battobrah@xsede.org/Rice_NMT_Snow/upper_colorado/experiments/simulations/MSWX_3h_Snow_Project3_pp_upper_colorado_1yr_100hru_100bh_bug_checking/postprocess/cids': Is a directory
rm: cannot remove '/scratch/alpine/battobrah@xsede.org/Rice_NMT_Snow/upper_colorado/experiments/simulations/MSWX_3h_Snow_Project3_pp_upper_colorado_1yr_100hru_100bh_bug_checking/postprocess/cids': Is a directory
rm: cannot remove '/scratch/alpine/battobrah@xsede.org/Rice_NMT_Snow/upper_colorado/experiments/simulations/MSWX_3h_Snow_Project3_pp_upper_colorado_1yr_100hru_100bh_bug_checking/postprocess/cids': Is a directory
rm: cannot remove '/scratch/alpine/battobrah@xsede.org/Rice_NMT_Snow/upper_colorado/experiments/simulations/MSWX_3h_Snow_Project3_pp_upper_colorado_1yr_100hru_100bh_bug_checking/postprocess/cids': Is a directory
rm: cannot remove '/scratch/alpine/battobrah@xsede.org/Rice_NMT_Snow/upper_colorado/experiments/simulations/MSWX_3h_Snow_Project3_pp_upper_colorado_1yr_100hru_100bh_bug_checking/postprocess/cids': Directory not empty
rm: cannot remove '/scratch/alpine/battobrah@xsede.org/Rice_NMT_Snow/upper_colorado/experiments/simulations/MSWX_3h_Snow_Project3_pp_upper_colorado_1yr_100hru_100bh_bug_checking/postprocess/hrus': Is a directory
rm: cannot remove '/scratch/alpine/battobrah@xsede.org/Rice_NMT_Snow/upper_colorado/experiments/simulations/MSWX_3h_Snow_Project3_pp_upper_colorado_1yr_100hru_100bh_bug_checking/postprocess/hrus': Is a directory
rm: cannot remove '/scratch/alpine/battobrah@xsede.org/Rice_NMT_Snow/upper_colorado/experiments/simulations/MSWX_3h_Snow_Project3_pp_upper_colorado_1yr_100hru_100bh_bug_checking/postprocess/hrus': Is a directory
ln: failed to create symbolic link '/scratch/alpine/battobrah@xsede.org/Rice_NMT_Snow/upper_colorado/experiments/simulations/MSWX_3h_Snow_Project3_pp_upper_colorado_1yr_100hru_100bh_bug_checking/postprocess/cids_org/1448.tif': No such file or directory
rm: cannot remove '/scratch/alpine/battobrah@xsede.org/Rice_NMT_Snow/upper_colorado/experiments/simulations/MSWX_3h_Snow_Project3_pp_upper_colorado_1yr_100hru_100bh_bug_checking/postprocess/hrus': Is a directory
rm: cannot remove '/scratch/alpine/battobrah@xsede.org/Rice_NMT_Snow/upper_colorado/experiments/simulations/MSWX_3h_Snow_Project3_pp_upper_colorado_1yr_100hru_100bh_bug_checking/postprocess/hrus': Is a directory
rm: cannot remove '/scratch/alpine/battobrah@xsede.org/Rice_NMT_Snow/upper_colorado/experiments/simulations/MSWX_3h_Snow_Project3_pp_upper_colorado_1yr_100hru_100bh_bug_checking/postprocess/hrus': Is a directory
rm: cannot remove '/scratch/alpine/battobrah@xsede.org/Rice_NMT_Snow/upper_colorado/experiments/simulations/MSWX_3h_Snow_Project3_pp_upper_colorado_1yr_100hru_100bh_bug_checking/postprocess/hrus': Is a directory
rm: cannot remove '/scratch/alpine/battobrah@xsede.org/Rice_NMT_Snow/upper_colorado/experiments/simulations/MSWX_3h_Snow_Project3_pp_upper_colorado_1yr_100hru_100bh_bug_checking/postprocess/hrus': Is a directory
rm: cannot remove '/scratch/alpine/battobrah@xsede.org/Rice_NMT_Snow/upper_colorado/experiments/simulations/MSWX_3h_Snow_Project3_pp_upper_colorado_1yr_100hru_100bh_bug_checking/postprocess/hrus': Is a directory
rm: cannot remove '/scratch/alpine/battobrah@xsede.org/Rice_NMT_Snow/upper_colorado/experiments/simulations/MSWX_3h_Snow_Project3_pp_upper_colorado_1yr_100hru_100bh_bug_checking/postprocess/hrus': Is a directory
rm: cannot remove '/scratch/alpine/battobrah@xsede.org/Rice_NMT_Snow/upper_colorado/experiments/simulations/MSWX_3h_Snow_Project3_pp_upper_colorado_1yr_100hru_100bh_bug_checking/postprocess/hrus': Is a directory
rm: cannot remove '/scratch/alpine/battobrah@xsede.org/Rice_NMT_Snow/upper_colorado/experiments/simulations/MSWX_3h_Snow_Project3_pp_upper_colorado_1yr_100hru_100bh_bug_checking/postprocess/hrus': Is a directory
rm: cannot remove '/scratch/alpine/battobrah@xsede.org/Rice_NMT_Snow/upper_colorado/experiments/simulations/MSWX_3h_Snow_Project3_pp_upper_colorado_1yr_100hru_100bh_bug_checking/postprocess/hrus': Is a directory
rm: cannot remove '/scratch/alpine/battobrah@xsede.org/Rice_NMT_Snow/upper_colorado/experiments/simulations/MSWX_3h_Snow_Project3_pp_upper_colorado_1yr_100hru_100bh_bug_checking/postprocess/hrus': Is a directory
rm: cannot remove '/scratch/alpine/battobrah@xsede.org/Rice_NMT_Snow/upper_colorado/experiments/simulations/MSWX_3h_Snow_Project3_pp_upper_colorado_1yr_100hru_100bh_bug_checking/postprocess/hrus': Is a directory
rm: cannot remove '/scratch/alpine/battobrah@xsede.org/Rice_NMT_Snow/upper_colorado/experiments/simulations/MSWX_3h_Snow_Project3_pp_upper_colorado_1yr_100hru_100bh_bug_checking/postprocess/hrus': Is a directory
rm: cannot remove '/scratch/alpine/battobrah@xsede.org/Rice_NMT_Snow/upper_colorado/experiments/simulations/MSWX_3h_Snow_Project3_pp_upper_colorado_1yr_100hru_100bh_bug_checking/postprocess/hrus': Is a directory
rm: cannot remove '/scratch/alpine/battobrah@xsede.org/Rice_NMT_Snow/upper_colorado/experiments/simulations/MSWX_3h_Snow_Project3_pp_upper_colorado_1yr_100hru_100bh_bug_checking/postprocess/hrus': Is a directory
rm: cannot remove '/scratch/alpine/battobrah@xsede.org/Rice_NMT_Snow/upper_colorado/experiments/simulations/MSWX_3h_Snow_Project3_pp_upper_colorado_1yr_100hru_100bh_bug_checking/postprocess/hrus': Is a directory
rm: cannot remove '/scratch/alpine/battobrah@xsede.org/Rice_NMT_Snow/upper_colorado/experiments/simulations/MSWX_3h_Snow_Project3_pp_upper_colorado_1yr_100hru_100bh_bug_checking/postprocess/cids': Is a directory
rm: cannot remove '/scratch/alpine/battobrah@xsede.org/Rice_NMT_Snow/upper_colorado/experiments/simulations/MSWX_3h_Snow_Project3_pp_upper_colorado_1yr_100hru_100bh_bug_checking/postprocess/cids': Is a directory
rm: cannot remove '/scratch/alpine/battobrah@xsede.org/Rice_NMT_Snow/upper_colorado/experiments/simulations/MSWX_3h_Snow_Project3_pp_upper_colorado_1yr_100hru_100bh_bug_checking/postprocess/channels': Directory not empty
rm: cannot remove '/scratch/alpine/battobrah@xsede.org/Rice_NMT_Snow/upper_colorado/experiments/simulations/MSWX_3h_Snow_Project3_pp_upper_colorado_1yr_100hru_100bh_bug_checking/postprocess/channels': Directory not empty
rm: cannot remove '/scratch/alpine/battobrah@xsede.org/Rice_NMT_Snow/upper_colorado/experiments/simulations/MSWX_3h_Snow_Project3_pp_upper_colorado_1yr_100hru_100bh_bug_checking/postprocess/cids': Is a directory
rm: cannot remove '/scratch/alpine/battobrah@xsede.org/Rice_NMT_Snow/upper_colorado/experiments/simulations/MSWX_3h_Snow_Project3_pp_upper_colorado_1yr_100hru_100bh_bug_checking/postprocess/channels': Is a directory
rm: cannot remove '/scratch/alpine/battobrah@xsede.org/Rice_NMT_Snow/upper_colorado/experiments/simulations/MSWX_3h_Snow_Project3_pp_upper_colorado_1yr_100hru_100bh_bug_checking/postprocess/channels': Is a directory
rm: cannot remove '/scratch/alpine/battobrah@xsede.org/Rice_NMT_Snow/upper_colorado/experiments/simulations/MSWX_3h_Snow_Project3_pp_upper_colorado_1yr_100hru_100bh_bug_checking/postprocess/hrus': Is a directory
rm: cannot remove '/scratch/alpine/battobrah@xsede.org/Rice_NMT_Snow/upper_colorado/experiments/simulations/MSWX_3h_Snow_Project3_pp_upper_colorado_1yr_100hru_100bh_bug_checking/postprocess/hrus': Is a directory
rm: cannot remove '/scratch/alpine/battobrah@xsede.org/Rice_NMT_Snow/upper_colorado/experiments/simulations/MSWX_3h_Snow_Project3_pp_upper_colorado_1yr_100hru_100bh_bug_checking/postprocess/hrus': Is a directory
rm: cannot remove '/scratch/alpine/battobrah@xsede.org/Rice_NMT_Snow/upper_colorado/experiments/simulations/MSWX_3h_Snow_Project3_pp_upper_colorado_1yr_100hru_100bh_bug_checking/postprocess/hrus': Is a directory
rm: cannot remove '/scratch/alpine/battobrah@xsede.org/Rice_NMT_Snow/upper_colorado/experiments/simulations/MSWX_3h_Snow_Project3_pp_upper_colorado_1yr_100hru_100bh_bug_checking/postprocess/hrus': Is a directory
rm: cannot remove '/scratch/alpine/battobrah@xsede.org/Rice_NMT_Snow/upper_colorado/experiments/simulations/MSWX_3h_Snow_Project3_pp_upper_colorado_1yr_100hru_100bh_bug_checking/postprocess/cids_org': Is a directory
rm: cannot remove '/scratch/alpine/battobrah@xsede.org/Rice_NMT_Snow/upper_colorado/experiments/simulations/MSWX_3h_Snow_Project3_pp_upper_colorado_1yr_100hru_100bh_bug_checking/postprocess/cids': Is a directory
ln: failed to create symbolic link '/scratch/alpine/battobrah@xsede.org/Rice_NMT_Snow/upper_colorado/experiments/simulations/MSWX_3h_Snow_Project3_pp_upper_colorado_1yr_100hru_100bh_bug_checking/postprocess/channels/144.tif': No such file or directory
sh: gdalbuildvrt: command not found
sh: gdalbuildvrt: command not found
sh: gdalbuildvrt: command not found
sh: gdalbuildvrt: command not found
sh: gdalbuildvrt: command not found
sh: gdalbuildvrt: command not found
sh: gdalbuildvrt: command not found
sh: gdalbuildvrt: command not found
